time,tavg,tmin,tmax,prcp,snow,wdir,wspd,wpgt,pres,tsun
2021-01-02,21.8,16.8,27.9,0.0,,177.0,5.8,,1014.6,
2021-01-03,21.6,15.7,28.0,0.0,,173.0,6.8,,1013.2,
2021-01-04,21.8,16.4,28.2,0.0,,164.0,9.1,,1013.2,
2021-01-05,23.0,16.2,30.2,0.0,,164.0,7.1,,1013.7,
2021-01-06,23.6,21.2,28.0,0.1,,174.0,5.6,,1012.9,
2021-01-07,23.7,20.4,28.2,0.3,,350.0,4.9,,1011.0,
2021-01-08,24.4,19.2,30.6,0.0,,145.0,7.5,,1010.6,
2021-01-09,23.8,19.1,30.1,0.0,,171.0,9.3,,1011.6,
2021-01-10,23.3,17.0,30.1,0.0,,140.0,4.9,,1012.1,
2021-01-11,23.7,16.9,31.2,0.0,,18.0,5.3,,1012.7,
2021-01-12,24.8,18.7,31.4,0.0,,2.0,5.0,,1012.7,
2021-01-13,23.9,18.3,30.8,0.0,,14.0,5.8,,1012.5,
2021-01-14,23.6,18.0,29.8,0.0,,15.0,6.2,,1012.8,
2021-01-15,22.8,16.1,29.7,0.0,,5.0,4.8,,1011.9,
2021-01-16,23.2,16.6,30.2,0.0,,63.0,5.2,,1010.6,
2021-01-17,23.4,17.4,29.9,0.0,,143.0,5.8,,1012.0,
2021-01-18,23.3,18.6,28.9,0.0,,170.0,8.0,,1013.4,
2021-01-19,23.2,18.5,29.7,0.0,,168.0,6.7,,1012.7,
2021-01-20,24.1,18.2,31.8,0.0,,178.0,6.9,,1012.4,
2021-01-21,24.5,19.3,32.8,0.0,,313.0,6.5,,1011.7,
2021-01-22,24.7,18.6,31.4,0.0,,9.0,5.4,,1012.0,
2021-01-23,24.4,17.9,31.1,0.0,,170.0,5.7,,1012.3,
2021-01-24,24.7,18.8,31.8,0.0,,173.0,7.2,,1012.5,
2021-01-25,24.8,19.4,31.6,0.0,,165.0,7.9,,1013.0,
2021-01-26,24.9,19.7,31.8,0.0,,150.0,8.0,,1012.5,
2021-01-27,24.7,19.1,30.7,0.0,,152.0,7.9,,1012.8,
2021-01-28,24.2,18.9,29.6,0.0,,158.0,9.5,,1013.6,
2021-01-29,24.6,19.6,30.7,0.0,,165.0,9.5,,1014.0,
2021-01-30,23.8,18.3,29.3,0.2,,102.0,4.2,,1013.9,
2021-01-31,23.9,18.5,29.8,0.0,,90.0,5.0,,1014.4,
2021-02-01,23.3,18.0,29.2,0.0,,55.0,6.8,,1016.5,
2021-02-02,22.4,15.4,29.7,0.0,,25.0,6.5,,1016.6,
2021-02-03,22.8,16.2,29.8,0.0,,116.0,5.8,,1015.7,
2021-02-04,22.4,17.2,29.1,0.0,,159.0,7.9,,1015.3,
2021-02-05,22.3,16.3,29.4,0.0,,150.0,8.0,,1014.2,
2021-02-06,23.0,16.4,30.3,0.0,,109.0,7.7,,1013.3,
2021-02-07,22.5,15.8,29.0,0.0,,357.0,7.0,,1014.8,
2021-02-08,21.4,13.8,28.8,0.0,,20.0,6.7,,1015.8,
2021-02-09,22.2,14.1,30.2,0.0,,341.0,6.2,,1014.3,
2021-02-10,22.5,15.3,30.7,0.0,,165.0,5.8,,1012.6,
2021-02-11,23.6,16.2,31.1,0.0,,161.0,7.1,,1011.8,
2021-02-12,23.7,17.5,30.6,0.0,,160.0,8.4,,1012.9,
2021-02-13,24.2,18.1,31.0,0.0,,166.0,9.3,,1013.7,
2021-02-14,24.7,18.3,31.5,0.0,,159.0,7.5,,1013.2,
2021-02-15,25.5,18.5,32.2,0.0,,137.0,7.3,,1011.9,
2021-02-16,25.6,19.1,32.3,0.0,,172.0,10.5,,1011.2,
2021-02-17,25.3,19.1,31.6,0.0,,159.0,10.6,,1011.6,
2021-02-18,23.6,17.4,29.6,0.4,,127.0,9.3,,1014.1,
2021-02-19,22.9,17.8,28.8,0.9,,60.0,5.1,,1016.1,
2021-02-20,23.8,17.9,29.3,0.0,,22.0,7.9,,1015.1,
2021-02-21,24.0,17.7,29.7,0.0,,141.0,6.5,,1015.4,
2021-02-22,25.4,19.5,31.5,0.0,,20.0,6.0,,1014.7,
2021-02-23,24.8,17.9,32.5,0.0,,331.0,6.2,,1012.9,
2021-02-24,25.6,17.8,33.2,0.0,,354.0,5.7,,1011.6,
2021-02-25,26.1,18.8,33.9,0.0,,314.0,5.6,,1011.1,
2021-02-26,26.4,18.5,34.8,0.0,,282.0,5.9,,1009.3,
2021-02-27,27.5,20.3,34.8,0.0,,340.0,6.7,,1008.5,
2021-02-28,27.2,19.9,35.2,0.0,,328.0,5.3,,1009.0,
2021-03-01,27.0,20.1,34.9,0.0,,169.0,6.3,,1011.8,
2021-03-02,27.3,20.8,34.9,0.0,,274.0,6.5,,1012.1,
2021-03-03,27.1,20.2,34.5,0.0,,350.0,6.8,,1011.5,
2021-03-04,26.3,18.6,34.5,0.0,,152.0,6.4,,1011.9,
2021-03-05,26.9,19.4,34.9,0.0,,174.0,8.5,,1012.4,
2021-03-06,27.0,19.8,34.8,0.0,,294.0,7.3,,1012.3,
2021-03-07,27.6,21.1,35.4,0.0,,152.0,7.6,,1011.3,
2021-03-08,27.2,19.8,35.1,0.0,,164.0,9.4,,1011.9,
2021-03-09,27.2,19.8,34.8,0.0,,165.0,10.3,,1012.6,
2021-03-10,27.3,20.0,35.1,0.0,,169.0,10.0,,1012.3,
2021-03-11,27.5,20.4,35.1,0.0,,169.0,10.6,,1012.6,
2021-03-12,27.2,20.4,34.7,0.0,,169.0,11.2,,1013.5,
2021-03-13,26.7,18.8,34.2,0.0,,155.0,6.8,,1013.5,
2021-03-14,26.8,19.1,35.2,0.0,,164.0,7.4,,1011.6,
2021-03-15,27.4,20.0,35.0,0.0,,161.0,7.7,,1010.6,
2021-03-16,28.7,21.7,35.9,0.0,,131.0,7.8,,1010.1,
2021-03-17,28.9,21.9,35.8,0.0,,148.0,8.5,,1009.4,
2021-03-18,28.3,21.8,34.5,0.0,,155.0,8.4,,1010.2,
2021-03-19,28.5,22.1,35.6,0.0,,148.0,7.4,,1009.9,
2021-03-20,28.1,20.5,35.0,0.0,,69.0,4.9,,1009.2,
2021-03-21,28.4,20.8,35.3,0.0,,73.0,6.3,,1008.9,
2021-03-22,29.6,22.0,36.4,0.0,,111.0,6.3,,1010.2,
2021-03-23,29.6,23.8,35.9,0.0,,35.0,6.3,,1011.4,
2021-03-24,29.5,21.8,36.1,0.0,,16.0,6.5,,1011.5,
2021-03-25,29.9,23.2,37.1,0.0,,340.0,5.5,,1010.0,
2021-03-26,29.7,23.3,37.3,0.0,,343.0,6.9,,1009.4,
2021-03-27,30.2,21.8,37.7,0.0,,5.0,6.0,,1008.7,
2021-03-28,30.8,23.4,38.1,0.0,,228.0,6.4,,1007.6,
2021-03-29,30.3,22.9,38.8,0.0,,174.0,7.3,,1007.2,
2021-03-30,31.1,23.8,39.7,0.0,,249.0,11.0,,1005.0,
2021-03-31,30.8,23.2,39.7,0.0,,309.0,9.1,,1003.4,
2021-04-01,31.1,22.8,39.2,0.0,,311.0,8.9,,1003.0,
2021-04-02,30.8,23.4,38.9,0.0,,305.0,7.2,,1003.9,
2021-04-03,31.0,23.4,38.7,0.0,,141.0,6.9,,1005.0,
2021-04-04,31.1,25.1,37.7,0.0,,170.0,7.2,,1006.9,
2021-04-05,30.5,24.0,37.5,0.0,,151.0,7.5,,1008.3,
2021-04-06,30.7,24.5,38.1,0.0,,155.0,10.8,,1008.9,
2021-04-07,30.8,23.6,37.9,0.0,,166.0,10.0,,1009.4,
2021-04-08,31.3,24.5,38.2,0.0,,176.0,10.0,,1007.5,
2021-04-09,30.1,24.2,36.0,0.0,,154.0,9.3,,1008.3,
2021-04-10,29.7,24.8,35.7,0.1,,149.0,9.4,,1010.1,
2021-04-11,29.2,23.8,35.2,0.0,,153.0,6.9,,1011.6,
2021-04-12,29.3,25.2,35.1,0.4,,158.0,6.8,,1011.9,
2021-04-13,29.4,23.8,34.5,1.7,,159.0,6.1,,1011.1,
2021-04-14,28.3,22.8,34.7,5.2,,184.0,6.6,,1010.8,
2021-04-15,28.2,23.2,34.8,0.4,,152.0,6.8,,1010.0,
2021-04-16,29.0,23.0,35.3,0.0,,149.0,6.8,,1008.8,
2021-04-17,30.2,23.9,36.5,0.0,,132.0,8.3,,1009.7,
2021-04-18,30.7,24.8,36.5,0.0,,151.0,8.3,,1010.0,
2021-04-19,31.7,25.6,37.5,0.0,,190.0,8.6,,1007.6,
2021-04-20,31.0,26.1,37.1,0.1,,163.0,12.3,,1007.1,
2021-04-21,29.8,25.8,36.8,2.7,,161.0,10.7,,1008.5,
2021-04-22,29.1,23.8,34.8,0.6,,166.0,6.5,,1009.4,
2021-04-23,30.4,25.2,35.8,0.0,,157.0,7.1,,1008.7,
2021-04-24,30.5,25.1,37.2,0.0,,148.0,8.1,,1008.3,
2021-04-25,30.8,25.2,37.0,0.0,,153.0,8.5,,1008.0,
2021-04-26,31.2,25.8,36.9,0.0,,166.0,7.4,,1007.9,
2021-04-27,31.0,25.3,37.0,0.0,,157.0,8.3,,1008.4,
2021-04-28,31.5,25.3,37.6,0.0,,160.0,8.7,,1008.8,
2021-04-29,31.3,25.8,38.2,0.1,,179.0,8.9,,1008.4,
2021-04-30,31.3,25.5,37.6,0.0,,162.0,9.8,,1007.7,
2021-05-01,30.6,25.3,36.6,0.0,,136.0,8.2,,1008.4,
2021-05-02,30.8,25.6,36.3,0.0,,130.0,6.0,,1008.8,
2021-05-03,29.3,25.2,34.8,0.1,,103.0,5.2,,1008.6,
2021-05-04,30.6,24.6,36.2,0.7,,169.0,5.8,,1007.8,
2021-05-05,31.4,26.1,36.8,0.0,,161.0,10.1,,1007.5,
2021-05-06,31.0,26.1,36.0,0.0,,167.0,11.2,,1008.4,
2021-05-07,31.1,25.8,36.2,0.0,,160.0,11.3,,1009.1,
2021-05-08,31.3,26.2,35.8,0.0,,157.0,9.1,,1008.0,
2021-05-09,31.5,26.3,36.7,0.0,,162.0,9.8,,1007.0,
2021-05-10,31.3,26.6,36.8,0.2,,185.0,8.6,,1006.5,
2021-05-11,30.7,27.4,36.8,1.3,,184.0,9.7,,1006.0,
2021-05-12,32.4,27.1,38.1,0.0,,194.0,9.0,,1003.9,
2021-05-13,32.1,28.3,38.3,0.0,,192.0,11.5,,1003.8,
2021-05-14,31.5,27.9,36.3,0.4,,163.0,10.1,,1003.8,
2021-05-15,30.9,26.6,36.8,0.0,,140.0,15.1,,1004.0,
2021-05-16,28.4,25.8,32.8,5.3,,150.0,14.3,,1005.5,
2021-05-17,29.8,25.2,35.2,0.5,,158.0,13.0,,1006.2,
2021-05-18,30.7,26.3,36.2,0.2,,178.0,13.2,,1005.9,
2021-05-19,30.2,26.2,36.8,5.2,,187.0,12.0,,1005.4,
2021-05-20,30.3,25.5,37.2,8.3,,202.0,9.2,,1005.2,
2021-05-21,31.1,26.9,37.8,0.2,,164.0,9.0,,1004.8,
2021-05-22,31.1,25.9,36.1,0.0,,210.0,7.3,,1003.9,
2021-05-23,32.6,26.5,39.2,0.0,,296.0,7.7,,1003.5,
2021-05-24,33.2,28.2,38.8,0.0,,314.0,10.8,,1002.9,
2021-05-25,32.4,27.6,37.3,0.0,,309.0,11.3,,1001.1,
2021-05-26,33.8,29.9,40.2,0.0,,306.0,15.7,,999.3,
2021-05-27,33.3,30.2,39.2,0.0,,283.0,13.8,,1000.6,
2021-05-28,32.8,29.8,38.8,0.0,,280.0,11.2,,1003.1,
2021-05-29,33.5,29.4,41.2,0.0,,271.0,8.3,,1004.0,
2021-05-30,32.6,28.6,38.8,0.0,,301.0,6.9,,1004.2,
2021-05-31,33.4,28.6,38.5,0.0,,279.0,5.5,,1002.6,
2021-06-01,31.1,27.0,35.9,2.0,,282.0,5.3,,1004.3,
2021-06-02,30.3,25.7,34.8,1.6,,327.0,4.6,,1005.5,
2021-06-03,29.8,24.8,34.8,0.5,,191.0,4.9,,1006.9,
2021-06-04,28.7,25.7,33.2,8.1,,179.0,5.8,,1007.9,
2021-06-05,29.6,25.8,34.3,2.1,,183.0,7.0,,1007.0,
2021-06-06,29.5,24.1,35.2,4.9,,185.0,6.5,,1006.8,
2021-06-07,30.0,25.5,35.9,0.8,,241.0,7.1,,1005.9,
2021-06-08,30.6,26.7,36.2,3.0,,275.0,8.1,,1004.7,
2021-06-09,26.8,23.8,30.3,21.0,,267.0,7.7,,1004.0,
2021-06-10,27.7,24.7,32.2,3.9,,276.0,11.6,,1002.4,
2021-06-11,27.5,24.0,32.4,2.9,,282.0,14.5,,1001.9,
2021-06-12,28.0,25.2,31.4,2.0,,283.0,12.9,,1001.6,
2021-06-13,26.9,24.5,33.8,22.3,,283.0,10.0,,1001.1,
2021-06-14,27.3,23.8,30.8,6.8,,271.0,11.0,,1000.9,
2021-06-15,27.7,22.8,31.2,2.0,,252.0,10.7,,1000.4,
2021-06-16,28.1,25.1,31.8,0.8,,249.0,12.9,,1002.2,
2021-06-17,25.9,24.8,27.3,12.0,,252.0,11.2,,1003.7,
2021-06-18,27.9,24.7,31.8,0.3,,246.0,13.5,,1004.3,
2021-06-19,27.6,25.1,31.8,0.6,,244.0,12.6,,1006.2,
2021-06-20,29.0,24.8,33.8,0.0,,251.0,12.3,,1006.4,
2021-06-21,29.4,25.6,34.8,0.0,,298.0,9.4,,1005.8,
2021-06-22,29.2,26.8,32.6,0.0,,291.0,8.4,,1004.9,
2021-06-23,27.1,25.6,29.2,1.7,,289.0,7.4,,1005.6,
2021-06-24,27.4,23.8,31.7,0.9,,269.0,9.1,,1005.7,
2021-06-25,27.5,24.7,31.8,2.5,,288.0,12.7,,1004.4,
2021-06-26,27.2,24.7,31.7,9.4,,306.0,7.9,,1003.9,
2021-06-27,26.1,23.8,31.8,22.2,,308.0,8.0,,1005.5,
2021-06-28,27.3,24.0,32.2,5.6,,227.0,3.8,,1005.8,
2021-06-29,28.8,24.3,33.3,1.0,,226.0,7.1,,1005.5,
2021-06-30,29.2,26.1,34.8,2.9,,241.0,5.8,,1005.0,
2021-07-01,28.9,25.2,33.7,2.2,,230.0,6.5,,1003.5,
2021-07-02,25.9,24.1,28.5,15.1,,233.0,7.6,,1005.6,
2021-07-03,27.8,25.0,31.5,0.0,,265.0,8.9,,1005.8,
2021-07-04,29.0,25.1,33.8,0.0,,284.0,8.1,,1005.1,
2021-07-05,28.7,24.8,32.8,0.0,,285.0,6.6,,1004.8,
2021-07-06,28.4,24.3,33.1,0.4,,239.0,5.1,,1004.0,
2021-07-07,28.7,25.7,33.0,1.9,,247.0,5.4,,1003.8,
2021-07-08,25.8,23.7,28.2,18.1,,293.0,8.0,,1004.6,
2021-07-09,26.7,23.5,30.6,2.5,,265.0,5.9,,1002.7,
2021-07-10,27.2,24.8,30.9,7.4,,283.0,5.6,,1001.2,
2021-07-11,26.5,24.4,30.3,29.6,,272.0,4.6,,1000.9,
2021-07-12,26.1,24.4,28.7,17.0,,279.0,5.5,,1000.7,
2021-07-13,25.6,24.0,28.4,8.9,,241.0,6.9,,1001.2,
2021-07-14,25.2,23.8,28.5,24.7,,254.0,7.0,,1001.2,
2021-07-15,26.5,23.8,30.4,7.6,,176.0,6.8,,1001.5,
2021-07-16,26.9,23.4,31.2,4.5,,161.0,9.9,,1004.6,
2021-07-17,26.9,23.8,32.8,9.3,,193.0,6.3,,1005.3,
2021-07-18,26.9,23.4,31.4,5.1,,186.0,5.1,,1003.4,
2021-07-19,27.3,24.2,31.8,9.5,,245.0,7.0,,1002.6,
2021-07-20,27.0,24.8,29.9,5.0,,286.0,11.5,,1004.3,
2021-07-21,24.9,23.8,26.9,38.2,,267.0,12.6,,1003.1,
2021-07-22,24.5,23.5,26.0,66.5,,281.0,14.8,,998.7,
2021-07-23,25.2,23.8,26.5,11.4,,273.0,15.6,,999.0,
2021-07-24,26.9,23.8,30.8,0.6,,262.0,13.1,,1001.4,
2021-07-25,28.7,25.2,32.8,0.2,,257.0,13.5,,1002.6,
2021-07-26,28.7,24.8,32.7,0.0,,261.0,12.8,,1003.4,
2021-07-27,28.3,24.8,31.5,0.0,,268.0,13.4,,1003.0,
2021-07-28,28.1,25.2,31.8,0.0,,273.0,13.3,,1003.7,
2021-07-29,27.6,25.6,30.6,0.3,,274.0,13.6,,1004.4,
2021-07-30,27.8,24.8,32.0,0.2,,277.0,13.2,,1004.8,
2021-07-31,27.7,24.3,31.5,0.5,,268.0,14.0,,1004.9,
2021-08-01,27.8,24.8,30.8,0.0,,269.0,14.2,,1004.2,
2021-08-02,27.8,24.6,32.0,1.5,,276.0,12.2,,1004.7,
2021-08-03,27.9,25.0,31.4,0.7,,271.0,11.7,,1006.2,
2021-08-04,28.4,25.3,32.8,0.4,,265.0,11.7,,1006.1,
2021-08-05,28.5,24.8,32.1,1.6,,272.0,13.2,,1004.2,
2021-08-06,27.6,25.4,30.8,0.4,,282.0,8.6,,1003.7,
2021-08-07,28.2,25.3,32.0,0.8,,259.0,8.3,,1004.8,
2021-08-08,28.3,24.7,33.1,1.2,,244.0,5.9,,1006.1,
2021-08-09,29.3,25.2,34.3,0.5,,232.0,6.3,,1006.3,
2021-08-10,28.4,24.9,32.3,5.6,,304.0,6.5,,1006.1,
2021-08-11,28.9,25.8,33.2,1.7,,293.0,8.0,,1005.9,
2021-08-12,27.8,25.5,33.2,10.3,,278.0,6.8,,1006.9,
2021-08-13,28.0,25.3,31.8,1.9,,301.0,9.0,,1005.7,
2021-08-14,28.2,25.5,31.7,2.8,,288.0,8.5,,1003.8,
2021-08-15,28.5,25.6,31.8,0.2,,298.0,10.5,,1004.1,
2021-08-16,25.7,23.8,27.2,11.0,,299.0,10.1,,1005.5,
2021-08-17,25.0,23.8,27.8,26.6,,274.0,8.3,,1005.2,
2021-08-18,26.0,23.8,29.6,4.6,,263.0,9.5,,1004.0,
2021-08-19,26.1,23.6,28.8,1.5,,270.0,10.6,,1003.8,
2021-08-20,26.4,23.8,30.5,2.1,,258.0,7.6,,1005.1,
2021-08-21,25.4,22.6,29.3,11.3,,198.0,6.5,,1007.3,
2021-08-22,26.6,23.2,31.8,9.1,,205.0,7.0,,1007.8,
2021-08-23,27.6,23.6,32.4,2.9,,205.0,6.6,,1007.3,
2021-08-24,27.4,23.6,33.2,5.7,,195.0,5.3,,1007.0,
2021-08-25,27.3,25.0,31.2,6.1,,262.0,5.0,,1005.4,
2021-08-26,26.8,24.7,31.2,5.7,,279.0,5.6,,1004.2,
2021-08-27,27.0,24.2,31.1,0.6,,291.0,5.5,,1003.9,
2021-08-28,26.7,24.7,30.1,4.0,,293.0,5.9,,1002.5,
2021-08-29,26.2,24.0,29.4,23.8,,293.0,6.9,,1001.3,
2021-08-30,25.8,23.9,29.1,14.5,,305.0,5.7,,1002.3,
2021-08-31,25.5,23.4,29.2,6.6,,182.0,8.6,,1004.3,
2021-09-01,25.5,22.6,29.0,10.3,,174.0,8.6,,1007.2,
2021-09-02,26.6,23.7,31.8,4.7,,175.0,6.5,,1006.2,
2021-09-03,26.1,22.9,30.8,24.7,,295.0,3.6,,1005.1,
2021-09-04,26.0,23.2,30.2,13.1,,320.0,7.3,,1004.5,
2021-09-05,25.7,23.1,29.8,11.8,,307.0,8.5,,1004.0,
2021-09-06,24.8,23.5,26.7,15.9,,310.0,9.1,,1003.1,
2021-09-07,24.7,23.2,26.4,23.4,,236.0,12.0,,1001.6,
2021-09-08,26.6,23.3,30.9,0.8,,213.0,13.9,,1004.5,
2021-09-09,27.8,24.4,31.8,0.0,,258.0,10.6,,1006.2,
2021-09-10,27.9,25.4,31.6,0.2,,287.0,9.0,,1005.6,
2021-09-11,26.9,25.2,29.8,0.4,,283.0,7.1,,1004.5,
2021-09-12,27.6,25.0,31.3,0.7,,269.0,10.3,,1002.7,
2021-09-13,27.2,25.1,31.2,1.8,,258.0,10.1,,1001.3,
2021-09-14,27.0,24.7,31.2,1.2,,245.0,10.7,,1002.4,
2021-09-15,27.7,24.9,31.8,0.9,,241.0,9.4,,1004.5,
2021-09-16,27.4,24.0,31.8,0.4,,256.0,8.9,,1005.3,
2021-09-17,27.4,24.0,31.8,0.7,,270.0,8.0,,1005.3,
2021-09-18,26.7,24.5,30.3,0.9,,295.0,5.1,,1007.3,
2021-09-19,27.3,24.3,30.9,0.0,,253.0,5.9,,1008.8,
2021-09-20,26.2,24.2,30.0,2.6,,247.0,4.5,,1007.9,
2021-09-21,25.1,23.8,28.9,8.7,,278.0,5.5,,1006.5,
2021-09-22,25.6,23.3,28.9,8.1,,295.0,8.0,,1004.5,
2021-09-23,25.5,23.2,28.8,8.6,,282.0,5.3,,1004.9,
2021-09-24,26.1,23.5,31.0,5.9,,284.0,4.5,,1006.2,
2021-09-25,25.9,23.4,30.8,9.0,,296.0,4.4,,1005.9,
2021-09-26,26.1,23.9,29.8,6.4,,325.0,8.3,,1003.8,
2021-09-27,24.2,23.5,25.2,63.2,,295.0,16.6,,999.7,
2021-09-28,25.6,22.8,29.7,4.4,,188.0,12.7,,1003.1,
2021-09-29,26.7,22.9,31.0,0.7,,215.0,4.7,,1006.8,
2021-09-30,26.6,23.7,30.8,5.5,,149.0,3.3,,1008.2,
2021-10-01,26.8,23.3,31.0,10.5,,179.0,4.1,,1008.4,
2021-10-02,27.1,24.0,32.2,4.2,,112.0,4.3,,1008.7,
2021-10-03,27.1,24.2,30.9,2.3,,164.0,4.9,,1008.3,
2021-10-04,27.0,23.7,31.8,3.0,,167.0,4.1,,1007.2,
2021-10-05,26.6,23.9,30.7,6.9,,30.0,5.4,,1007.7,
2021-10-06,26.9,23.7,31.8,1.3,,155.0,6.6,,1007.3,
2021-10-07,26.9,23.6,31.1,0.8,,149.0,6.2,,1006.8,
2021-10-08,27.0,24.1,30.9,3.8,,195.0,4.2,,1006.5,
2021-10-09,27.0,23.8,30.9,6.2,,309.0,5.0,,1007.0,
2021-10-10,27.2,23.4,31.8,0.0,,336.0,7.9,,1006.9,
2021-10-11,26.2,21.7,31.6,0.0,,334.0,7.4,,1006.2,
2021-10-12,26.3,22.6,31.0,0.0,,340.0,7.2,,1005.8,
2021-10-13,27.3,22.8,32.2,0.0,,333.0,6.8,,1005.4,
2021-10-14,27.7,23.3,33.0,0.0,,334.0,7.9,,1004.7,
2021-10-15,26.5,23.3,32.2,7.7,,338.0,8.7,,1002.7,
2021-10-16,24.7,23.0,28.8,10.0,,352.0,6.7,,1002.4,
2021-10-17,26.0,22.8,30.7,3.4,,171.0,7.8,,1003.6,
2021-10-18,27.5,23.1,32.6,0.4,,254.0,7.7,,1005.3,
2021-10-19,27.3,24.2,31.4,0.0,,316.0,9.2,,1008.7,
2021-10-20,26.1,21.7,30.8,0.0,,340.0,7.9,,1011.9,
2021-10-21,25.9,21.9,30.9,0.0,,327.0,7.4,,1012.2,
2021-10-22,25.2,20.3,30.7,0.0,,339.0,7.6,,1012.6,
2021-10-23,25.1,20.0,31.2,0.0,,344.0,6.6,,1012.8,
2021-10-24,25.4,20.8,31.1,0.1,,293.0,5.1,,1013.1,
2021-10-25,25.2,20.6,30.7,0.0,,340.0,6.3,,1012.0,
2021-10-26,24.7,20.0,30.4,0.0,,350.0,7.7,,1011.2,
2021-10-27,24.4,18.9,30.0,0.0,,347.0,8.5,,1011.8,
2021-10-28,25.6,20.8,30.9,0.0,,357.0,9.5,,1011.9,
2021-10-29,26.2,20.2,30.9,0.0,,7.0,8.2,,1012.7,
2021-10-30,26.2,21.8,31.4,0.2,,8.0,7.4,,1013.4,
2021-10-31,26.2,21.8,31.0,0.3,,354.0,6.0,,1013.0,
2021-11-01,25.9,20.8,31.5,0.0,,118.0,5.3,,1012.4,
2021-11-02,24.3,22.0,29.2,5.5,,115.0,4.3,,1012.6,
2021-11-03,23.7,21.6,28.1,6.7,,176.0,4.0,,1012.5,
2021-11-04,24.7,20.5,30.1,0.6,,12.0,5.1,,1011.7,
2021-11-05,24.9,20.4,30.1,0.1,,125.0,5.9,,1011.4,
2021-11-06,24.7,20.7,30.2,0.0,,321.0,5.8,,1010.5,
2021-11-07,23.9,19.0,29.5,0.0,,23.0,6.1,,1010.6,
2021-11-08,23.1,16.8,28.8,0.0,,350.0,6.6,,1011.7,
2021-11-09,22.9,16.8,28.9,0.0,,345.0,7.3,,1012.1,
2021-11-10,24.0,17.8,29.3,0.0,,349.0,8.8,,1010.9,
2021-11-11,23.1,19.8,26.8,11.5,,357.0,8.2,,1009.0,
2021-11-12,23.7,21.1,27.8,15.7,,19.0,6.5,,1009.1,
2021-11-13,24.5,22.4,27.7,5.9,,69.0,5.4,,1009.5,
2021-11-14,25.0,22.5,29.8,4.3,,121.0,5.3,,1009.6,
2021-11-15,25.3,21.9,29.3,2.7,,127.0,6.0,,1008.5,
2021-11-16,25.2,22.0,29.6,5.5,,132.0,5.6,,1008.9,
2021-11-17,25.7,22.6,29.6,0.7,,98.0,6.2,,1010.6,
2021-11-18,25.3,21.8,28.9,0.0,,42.0,5.5,,1009.6,
2021-11-19,25.0,22.0,30.1,1.2,,122.0,6.4,,1007.8,
2021-11-20,24.4,22.5,28.8,8.8,,134.0,8.6,,1008.1,
2021-11-21,25.0,22.8,29.8,1.8,,139.0,8.4,,1010.6,
2021-11-22,25.6,22.3,30.8,0.8,,104.0,4.4,,1011.6,
2021-11-23,25.9,21.7,30.3,0.4,,348.0,4.2,,1010.9,
2021-11-24,26.0,22.3,30.8,0.3,,40.0,5.3,,1011.4,
2021-11-25,25.1,20.6,30.5,0.0,,340.0,5.5,,1012.1,
2021-11-26,24.1,19.1,30.0,0.0,,337.0,6.0,,1012.3,
2021-11-27,23.5,17.9,29.4,0.0,,6.0,5.9,,1012.7,
2021-11-28,23.8,17.5,29.5,0.0,,8.0,5.3,,1013.8,
2021-11-29,23.8,19.8,27.6,3.6,,5.0,5.1,,1014.3,
2021-11-30,24.4,19.8,29.6,0.0,,345.0,4.2,,1013.8,
2021-12-01,24.0,18.3,29.8,0.0,,154.0,4.7,,1013.0,
2021-12-02,23.5,18.9,28.6,0.0,,155.0,7.7,,1012.7,
2021-12-03,23.3,18.0,29.3,0.0,,39.0,5.4,,1012.4,
2021-12-04,23.4,17.8,29.8,0.0,,341.0,8.5,,1012.0,
2021-12-05,23.8,18.2,30.0,0.0,,345.0,8.4,,1011.9,
2021-12-06,24.1,18.8,30.1,0.0,,345.0,6.6,,1012.0,
2021-12-07,24.8,19.5,30.6,0.0,,12.0,6.9,,1012.8,
2021-12-08,24.5,18.6,30.2,0.0,,105.0,5.1,,1013.6,
2021-12-09,25.5,20.8,30.3,1.0,,165.0,4.9,,1015.0,
2021-12-10,24.8,21.0,28.9,0.2,,149.0,5.8,,1016.0,
2021-12-11,24.9,20.5,30.2,0.2,,36.0,5.6,,1015.4,
2021-12-12,24.1,18.7,30.0,0.0,,19.0,6.7,,1015.8,
2021-12-13,22.9,17.0,28.9,0.0,,349.0,4.8,,1015.1,
2021-12-14,22.9,17.9,28.7,0.0,,333.0,4.8,,1014.5,
2021-12-15,21.6,16.8,27.8,0.0,,359.0,6.0,,1014.9,
2021-12-16,20.5,14.4,28.0,0.0,,355.0,6.4,,1015.5,
2021-12-17,20.5,13.7,27.8,0.0,,346.0,6.6,,1016.1,
2021-12-18,20.6,13.9,27.5,0.0,,352.0,7.5,,1015.8,
2021-12-19,20.4,14.5,26.9,0.0,,353.0,5.7,,1016.6,
2021-12-20,19.6,14.5,26.3,0.0,,356.0,7.8,,1016.8,
2021-12-21,18.2,10.8,25.9,0.0,,344.0,7.2,,1016.2,
2021-12-22,18.7,11.5,27.8,0.0,,349.0,7.1,,1014.5,
2021-12-23,20.9,12.6,30.2,0.0,,22.0,4.9,,1013.5,
2021-12-24,21.8,14.6,29.5,0.0,,180.0,5.8,,1013.0,
2021-12-25,23.1,17.3,30.1,0.0,,192.0,7.5,,1013.4,
2021-12-26,23.1,17.6,29.0,0.0,,173.0,7.9,,1015.0,
2021-12-27,23.1,18.3,29.1,0.0,,168.0,8.0,,1015.8,
2021-12-28,23.0,18.4,28.7,0.0,,171.0,9.8,,1015.0,
2021-12-29,23.0,19.0,28.6,0.2,,155.0,9.0,,1014.7,
2021-12-30,22.1,17.6,27.3,0.2,,17.0,6.2,,1017.4,
2021-12-31,22.1,16.6,28.2,0.0,,5.0,6.0,,1018.3,
2022-01-01,22.2,16.7,28.6,0.0,,14.0,5.3,,1018.0,
2022-01-02,21.8,16.5,28.2,0.0,,4.0,6.4,,1016.7,
2022-01-03,21.3,15.5,28.0,0.0,,9.0,6.1,,1015.9,
2022-01-04,21.5,16.3,28.0,0.0,,4.0,5.0,,1015.8,
2022-01-05,21.8,17.2,28.1,0.0,,182.0,7.0,,1015.5,
2022-01-06,22.1,17.1,28.5,0.0,,170.0,8.3,,1014.6,
2022-01-07,22.4,17.0,28.5,0.0,,170.0,10.1,,1014.6,
2022-01-08,23.1,18.3,29.2,0.0,,173.0,10.5,,1014.8,
2022-01-09,23.6,18.9,28.5,0.2,,177.0,11.6,,1012.9,
2022-01-10,22.4,19.1,26.8,5.4,,157.0,5.7,,1013.8,
2022-01-11,20.8,18.0,26.8,4.1,,57.0,6.0,,1014.1,
2022-01-12,20.1,17.6,24.7,3.3,,96.0,5.3,,1013.6,
2022-01-13,20.4,17.3,23.9,1.5,,106.0,5.1,,1013.5,
2022-01-14,20.8,17.5,25.8,0.6,,85.0,5.6,,1013.0,
2022-01-15,19.9,16.3,24.8,0.3,,4.0,5.3,,1014.5,
2022-01-16,20.7,15.9,26.0,0.1,,11.0,5.6,,1016.1,
2022-01-17,21.3,17.1,26.5,0.6,,272.0,4.0,,1017.2,
2022-01-18,21.0,16.0,27.1,0.0,,17.0,5.9,,1015.8,
2022-01-19,20.4,14.8,26.6,0.0,,359.0,7.1,,1014.0,
2022-01-20,20.7,14.7,27.8,0.0,,10.0,5.4,,1011.5,
2022-01-21,22.3,17.2,29.6,0.0,,293.0,8.7,,1010.6,
2022-01-22,22.9,16.4,29.9,0.0,,166.0,9.6,,1008.9,
2022-01-23,23.0,18.2,28.5,0.0,,311.0,7.6,,1008.6,
2022-01-24,21.4,17.3,26.3,0.0,,354.0,9.6,,1010.3,
2022-01-25,20.4,15.4,26.1,0.0,,0.0,8.3,,1011.5,
2022-01-26,20.4,14.7,26.7,0.0,,2.0,8.6,,1012.5,
2022-01-27,19.5,14.7,25.7,0.0,,4.0,9.1,,1014.1,
2022-01-28,18.2,12.6,25.2,0.0,,0.0,8.3,,1015.6,
2022-01-29,18.1,11.8,26.2,0.0,,347.0,7.0,,1015.9,
2022-01-30,19.0,11.1,27.8,0.0,,340.0,7.3,,1013.8,
2022-01-31,21.2,12.2,29.9,0.0,,354.0,5.6,,1012.0,
2022-02-01,22.5,14.3,30.5,0.0,,6.0,5.1,,1011.1,
2022-02-02,23.3,16.1,31.6,0.0,,158.0,5.4,,1011.2,
2022-02-03,24.1,18.4,31.0,0.0,,174.0,14.3,,1010.0,
2022-02-04,22.6,17.9,28.6,0.0,,304.0,10.9,,1009.9,
2022-02-05,20.7,13.8,28.0,0.0,,3.0,7.4,,1012.0,
2022-02-06,21.8,14.8,29.1,0.0,,28.0,5.2,,1014.3,
2022-02-07,23.0,16.9,30.5,0.0,,106.0,6.6,,1014.2,
2022-02-08,24.1,18.1,30.7,0.0,,143.0,6.7,,1012.6,
2022-02-09,24.6,19.4,30.5,0.0,,162.0,14.0,,1012.4,
2022-02-10,23.8,19.0,29.2,0.0,,156.0,9.5,,1012.4,
2022-02-11,23.0,18.5,29.0,0.0,,2.0,8.2,,1013.7,
2022-02-12,21.7,14.8,28.8,0.0,,356.0,6.8,,1013.4,
2022-02-13,21.1,14.2,29.4,0.0,,3.0,5.9,,1011.9,
2022-02-14,22.2,14.4,29.8,0.0,,44.0,6.3,,1011.5,
2022-02-15,23.6,17.6,30.0,0.0,,128.0,7.6,,1011.1,
2022-02-16,24.2,18.8,30.1,0.0,,143.0,7.7,,1009.0,
2022-02-17,24.2,19.1,30.2,0.0,,128.0,7.0,,1008.8,
2022-02-18,24.2,18.5,30.4,0.0,,170.0,7.9,,1009.9,
2022-02-19,24.8,18.5,31.3,0.0,,173.0,9.1,,1011.8,
2022-02-20,25.9,19.4,33.6,0.0,,265.0,8.7,,1009.5,
2022-02-21,24.6,18.9,31.6,0.0,,7.0,7.3,,1009.5,
2022-02-22,24.9,16.2,33.2,0.0,,37.0,5.3,,1011.4,
2022-02-23,25.1,19.3,31.7,0.0,,167.0,10.3,,1014.4,
2022-02-24,25.3,19.3,32.2,0.0,,177.0,10.4,,1015.0,
2022-02-25,25.6,19.3,32.7,0.0,,169.0,9.2,,1014.0,
2022-02-26,24.5,18.4,31.8,0.0,,169.0,10.7,,1014.5,
2022-02-27,24.5,18.6,32.0,0.0,,177.0,11.0,,1014.6,
2022-02-28,25.3,18.2,32.7,0.0,,175.0,9.2,,1013.5,
2022-03-01,26.1,17.8,34.2,0.0,,130.0,6.8,,1013.3,
2022-03-02,25.7,18.9,33.8,0.0,,163.0,6.6,,1013.1,
2022-03-03,26.3,19.2,33.7,0.0,,159.0,7.3,,1012.8,
2022-03-04,26.8,18.9,34.8,0.0,,128.0,7.2,,1012.6,
2022-03-05,26.4,19.5,33.7,0.0,,101.0,8.0,,1011.9,
2022-03-06,26.9,20.3,33.3,0.0,,157.0,7.3,,1011.4,
2022-03-07,27.2,20.4,34.1,0.0,,127.0,7.1,,1011.8,
2022-03-08,27.4,19.9,34.7,0.0,,102.0,6.4,,1011.1,
2022-03-09,27.2,20.0,35.0,0.0,,336.0,6.2,,1010.4,
2022-03-10,27.2,19.6,34.5,0.0,,131.0,5.9,,1010.6,
2022-03-11,28.0,20.5,35.2,0.0,,0.0,6.0,,1010.1,
2022-03-12,28.0,21.5,34.6,0.0,,339.0,7.3,,1009.9,
2022-03-13,27.5,20.9,35.2,0.0,,347.0,7.1,,1010.0,
2022-03-14,27.7,19.6,35.6,0.0,,340.0,6.9,,1010.2,
2022-03-15,28.1,19.1,36.8,0.0,,317.0,6.9,,1008.3,
2022-03-16,29.3,20.4,37.7,0.0,,299.0,7.4,,1006.4,
2022-03-17,29.4,21.0,38.3,0.0,,304.0,7.3,,1005.7,
2022-03-18,29.6,22.2,37.6,0.0,,159.0,10.4,,1005.8,
2022-03-19,29.1,22.3,35.9,0.0,,170.0,11.9,,1005.6,
2022-03-20,30.6,24.8,37.1,0.0,,211.0,8.3,,1005.2,
2022-03-21,30.4,25.6,36.4,0.0,,172.0,8.5,,1006.2,
2022-03-22,30.4,24.8,36.8,0.0,,252.0,6.8,,1006.4,
2022-03-23,30.5,23.5,37.9,0.0,,272.0,6.2,,1006.1,
2022-03-24,30.1,23.4,37.0,0.0,,145.0,9.1,,1006.9,
2022-03-25,30.2,24.6,37.5,0.0,,162.0,10.4,,1007.8,
2022-03-26,30.4,24.4,37.2,0.0,,202.0,8.3,,1009.5,
2022-03-27,31.1,24.6,38.4,0.0,,157.0,8.0,,1009.4,
2022-03-28,31.6,24.2,39.5,0.0,,183.0,6.7,,1008.3,
2022-03-29,31.6,24.6,39.7,0.0,,145.0,8.2,,1007.2,
2022-03-30,31.4,23.9,40.0,0.0,,183.0,8.6,,1006.8,
2022-03-31,31.5,24.2,39.6,0.0,,170.0,8.4,,1007.3,
2022-04-01,30.9,24.1,38.4,0.0,,173.0,10.2,,1007.9,
2022-04-02,30.8,24.4,37.7,0.0,,167.0,11.6,,1009.0,
2022-04-03,30.7,24.0,37.5,0.0,,166.0,9.9,,1008.9,
2022-04-04,30.9,24.8,37.6,0.0,,168.0,10.9,,1009.3,
2022-04-05,30.8,24.2,37.9,0.0,,166.0,10.8,,1011.1,
2022-04-06,31.1,24.4,37.8,0.0,,154.0,10.2,,1010.9,
2022-04-07,31.2,24.3,38.0,0.0,,157.0,9.9,,1010.3,
2022-04-08,30.7,23.8,37.5,0.0,,164.0,10.5,,1009.1,
2022-04-09,30.7,24.4,37.1,0.0,,160.0,11.2,,1008.2,
2022-04-10,30.8,24.3,37.8,0.0,,169.0,10.2,,1007.6,
2022-04-11,30.9,24.1,37.9,0.0,,167.0,10.1,,1006.9,
2022-04-12,31.3,24.4,38.6,0.0,,165.0,10.5,,1006.1,
2022-04-13,30.8,23.6,38.1,0.0,,169.0,12.6,,1005.9,
2022-04-14,31.4,24.2,38.8,0.0,,168.0,10.5,,1005.7,
2022-04-15,31.3,25.8,39.2,0.1,,195.0,8.6,,1005.5,
2022-04-16,31.9,26.8,38.5,0.0,,195.0,7.2,,1004.9,
2022-04-17,32.1,26.4,39.0,0.3,,193.0,9.4,,1005.5,
2022-04-18,32.0,25.9,38.6,0.0,,195.0,8.9,,1007.3,
2022-04-19,32.5,26.3,39.5,0.0,,221.0,9.4,,1008.0,
2022-04-20,33.4,26.3,40.8,0.0,,168.0,9.5,,1006.1,
2022-04-21,31.8,25.8,38.3,0.0,,173.0,12.1,,1006.0,
2022-04-22,30.6,25.5,37.2,0.0,,226.0,8.0,,1008.2,
2022-04-23,29.9,25.0,37.4,0.5,,186.0,6.5,,1008.8,
2022-04-24,31.7,24.8,38.7,0.0,,276.0,8.0,,1007.0,
2022-04-25,33.3,27.1,40.3,0.0,,194.0,7.3,,1005.4,
2022-04-26,33.0,26.8,40.3,1.4,,185.0,7.8,,1006.2,
2022-04-27,33.3,26.8,40.0,0.3,,161.0,9.2,,1005.9,
2022-04-28,33.6,28.1,40.3,0.0,,159.0,9.8,,1006.1,
2022-04-29,33.8,26.8,40.4,0.0,,224.0,8.8,,1006.2,
2022-04-30,33.7,27.2,41.2,0.0,,205.0,9.5,,1004.3,
2022-05-01,33.8,27.0,41.1,0.0,,208.0,9.3,,1002.8,
2022-05-02,33.0,26.6,40.0,0.0,,158.0,10.6,,1003.3,
2022-05-03,32.6,27.1,39.6,0.3,,174.0,11.8,,1004.9,
2022-05-04,31.3,23.8,36.5,1.9,,163.0,8.8,,1006.6,
2022-05-05,32.6,27.6,38.2,1.3,,216.0,8.6,,1005.6,
2022-05-06,33.0,27.4,39.8,0.0,,188.0,10.2,,1004.6,
2022-05-07,32.9,26.2,39.8,0.0,,109.0,8.3,,1004.2,
2022-05-08,33.3,27.8,39.2,0.0,,166.0,7.5,,1003.0,
2022-05-09,32.6,26.1,39.8,0.0,,309.0,9.2,,1000.7,
2022-05-10,32.2,27.9,37.8,0.0,,53.0,11.3,,999.3,
2022-05-11,29.0,26.5,33.2,14.2,,20.0,10.4,,1000.4,
2022-05-12,29.9,26.1,34.8,1.4,,93.0,8.7,,1002.2,
2022-05-13,31.2,24.7,37.6,0.0,,177.0,8.6,,1002.4,
2022-05-14,32.8,26.2,39.9,0.2,,167.0,10.3,,1002.0,
2022-05-15,32.4,26.6,39.5,1.9,,168.0,10.9,,1003.2,
2022-05-16,33.0,27.1,39.5,0.0,,154.0,9.5,,1003.5,
2022-05-17,31.8,26.9,37.1,0.0,,165.0,9.5,,1003.1,
2022-05-18,30.3,26.0,37.2,2.1,,159.0,10.7,,1003.8,
2022-05-19,28.9,25.3,36.8,5.0,,151.0,9.9,,1004.7,
2022-05-20,30.7,25.5,37.8,0.2,,169.0,8.7,,1003.5,
2022-05-21,32.0,26.8,37.1,0.0,,263.0,10.4,,1001.5,
2022-05-22,33.3,28.7,39.2,0.0,,276.0,15.4,,999.6,
2022-05-23,33.8,29.2,39.2,0.0,,276.0,14.4,,1000.1,
2022-05-24,34.7,29.7,40.3,0.0,,285.0,10.7,,1002.3,
2022-05-25,34.0,28.1,40.2,0.0,,297.0,6.3,,1003.9,
2022-05-26,,,,,,,,,,
2022-05-27,,,,,,,,,,
2022-05-28,33.3,28.1,40.2,0.0,,276.0,10.2,,1002.6,
2022-05-29,33.9,29.3,39.8,0.0,,270.0,11.6,,1002.5,
2022-05-30,34.5,29.5,39.8,0.0,,273.0,9.8,,1002.0,
2022-05-31,33.0,29.7,39.2,1.2,,269.0,9.5,,1001.8,
2022-06-01,33.5,28.6,39.6,0.0,,290.0,8.9,,1001.7,
2022-06-02,34.7,30.0,41.8,0.0,,284.0,9.7,,1001.2,
2022-06-03,35.2,29.3,41.4,0.0,,279.0,12.1,,1000.5,
2022-06-04,35.9,31.2,42.0,0.0,,305.0,11.7,,1000.7,
2022-06-05,35.1,29.6,41.7,0.0,,277.0,7.9,,1001.0,
2022-06-06,34.8,30.1,41.4,0.0,,263.0,10.9,,1001.4,
2022-06-07,34.4,29.0,41.2,0.0,,274.0,10.7,,1001.4,
2022-06-08,34.4,30.6,40.0,0.0,,290.0,13.6,,1001.0,
2022-06-09,32.8,29.6,38.8,0.1,,288.0,11.4,,1001.7,
2022-06-10,32.8,27.9,39.2,4.3,,273.0,10.0,,1002.9,
2022-06-11,32.6,28.1,37.8,0.3,,261.0,9.2,,1003.4,
2022-06-12,30.1,26.2,36.6,8.1,,290.0,7.8,,1004.5,
2022-06-13,30.0,24.8,34.8,1.8,,259.0,6.3,,1005.6,
2022-06-14,31.6,27.1,37.8,0.0,,297.0,8.0,,1004.6,
2022-06-15,29.8,24.5,35.5,4.1,,292.0,6.8,,1004.6,
2022-06-16,28.7,24.1,34.3,12.8,,234.0,6.5,,1005.1,
2022-06-17,29.7,24.4,34.9,0.7,,185.0,7.9,,1005.0,
2022-06-18,30.1,25.8,34.9,0.0,,185.0,9.3,,1004.9,
2022-06-19,29.3,25.9,34.3,10.7,,207.0,7.0,,1004.9,
2022-06-20,28.4,24.5,34.8,15.8,,253.0,6.7,,1003.8,
2022-06-21,26.4,23.8,30.7,24.3,,259.0,7.5,,1002.4,
2022-06-22,26.2,24.2,29.9,18.3,,255.0,5.2,,1004.1,
2022-06-23,28.2,24.8,33.5,1.1,,240.0,6.2,,1004.6,
2022-06-24,28.0,24.8,32.1,7.8,,249.0,6.0,,1003.8,
2022-06-25,26.5,24.5,32.2,2.5,,227.0,7.0,,1001.8,
2022-06-26,26.1,24.3,29.1,11.1,,214.0,6.8,,1002.4,
2022-06-27,26.6,24.2,30.9,6.6,,231.0,8.7,,1004.3,
2022-06-28,27.0,24.1,31.2,5.5,,243.0,7.2,,1003.7,
2022-06-29,27.2,24.1,33.2,10.5,,260.0,6.6,,1002.5,
2022-06-30,27.1,24.1,32.2,8.9,,256.0,7.3,,1002.1,
2022-07-01,27.7,24.5,32.8,11.8,,288.0,8.7,,1002.2,
2022-07-02,28.0,25.2,32.5,0.4,,304.0,10.5,,1001.2,
2022-07-03,27.1,24.8,30.0,5.3,,271.0,6.7,,1001.4,
2022-07-04,26.7,23.2,30.7,11.0,,272.0,9.3,,1001.4,
2022-07-05,26.1,23.8,30.8,9.3,,247.0,9.2,,1000.5,
2022-07-06,26.0,24.0,30.2,6.8,,259.0,8.5,,1002.0,
2022-07-07,26.1,24.1,29.6,19.9,,272.0,8.9,,1003.8,
2022-07-08,24.4,23.9,26.2,66.5,,278.0,12.7,,1002.2,
2022-07-09,23.9,23.2,24.5,87.9,,279.0,17.1,,999.3,
2022-07-10,23.9,22.8,24.8,68.9,,291.0,18.2,,999.5,
2022-07-11,24.0,23.2,25.1,65.1,,286.0,18.6,,1001.1,
2022-07-12,23.9,23.1,25.7,92.0,,279.0,19.1,,1000.7,
2022-07-13,24.4,23.2,27.3,42.4,,268.0,20.4,,997.7,
2022-07-14,24.9,23.1,27.3,36.3,,265.0,15.7,,997.8,
2022-07-15,25.8,23.4,30.8,11.3,,254.0,11.5,,1000.5,
2022-07-16,27.0,23.7,31.8,13.7,,260.0,9.3,,1002.0,
2022-07-17,25.5,24.0,27.2,12.3,,265.0,11.1,,1002.5,
2022-07-18,26.3,23.9,30.9,6.3,,242.0,11.8,,1002.9,
2022-07-19,27.4,23.5,32.0,0.0,,256.0,8.9,,1004.6,
2022-07-20,27.7,24.3,31.8,4.3,,266.0,7.3,,1004.8,
2022-07-21,26.9,24.3,31.1,3.6,,287.0,9.0,,1004.9,
2022-07-22,25.6,24.2,29.1,31.8,,276.0,8.1,,1005.1,
2022-07-23,24.9,23.6,27.5,25.4,,271.0,10.0,,1004.1,
2022-07-24,25.6,23.6,29.3,7.7,,240.0,8.4,,1004.3,
2022-07-25,25.8,23.3,30.6,5.5,,249.0,6.2,,1006.1,
2022-07-26,25.1,23.2,29.8,20.3,,295.0,5.2,,1007.6,
2022-07-27,26.3,22.5,30.8,3.0,,278.0,3.3,,1007.4,
2022-07-28,26.9,23.3,31.8,9.0,,208.0,4.2,,1008.2,
2022-07-29,27.0,23.3,31.8,7.4,,245.0,4.2,,1007.5,
2022-07-30,26.6,23.2,30.8,12.1,,259.0,4.8,,1006.3,
2022-07-31,27.4,24.0,33.2,1.6,,279.0,3.4,,1004.4,
2022-08-01,26.9,23.4,31.7,7.4,,299.0,4.9,,1004.1,
2022-08-02,27.7,24.6,31.8,0.5,,329.0,5.3,,1003.0,
2022-08-03,26.4,23.8,31.2,18.2,,102.0,3.8,,1003.0,
2022-08-04,26.1,23.4,30.2,9.7,,150.0,5.1,,1002.7,
2022-08-05,26.2,23.6,31.3,1.9,,207.0,5.9,,1001.8,
2022-08-06,26.2,23.9,30.4,10.5,,246.0,8.3,,1000.6,
2022-08-07,25.5,24.0,29.2,18.5,,271.0,10.0,,999.5,
2022-08-08,24.6,23.7,26.8,25.0,,262.0,13.4,,997.9,
2022-08-09,24.7,23.6,26.5,26.4,,250.0,14.3,,998.3,
2022-08-10,26.5,23.2,30.9,4.5,,241.0,16.4,,998.5,
2022-08-11,27.1,24.8,30.5,0.1,,226.0,14.0,,1001.1,
2022-08-12,27.8,25.3,31.8,6.4,,250.0,12.7,,1003.2,
2022-08-13,27.5,24.6,30.6,2.9,,270.0,12.7,,1003.7,
2022-08-14,24.8,23.9,27.2,29.4,,267.0,11.4,,1004.4,
2022-08-15,25.5,23.3,29.0,12.5,,248.0,12.9,,1005.4,
2022-08-16,27.2,22.9,32.0,0.0,,220.0,9.4,,1006.8,
2022-08-17,27.6,23.2,32.4,0.9,,236.0,7.2,,1006.9,
2022-08-18,28.1,24.9,32.2,0.4,,296.0,10.6,,1005.5,
2022-08-19,27.6,25.7,30.6,0.6,,302.0,11.6,,1005.0,
2022-08-20,27.8,25.5,31.9,0.2,,293.0,13.5,,1004.2,
2022-08-21,27.9,25.2,31.8,0.0,,271.0,13.4,,1003.2,
2022-08-22,28.0,25.2,31.5,0.0,,268.0,11.3,,1002.8,
2022-08-23,27.8,24.5,32.5,0.0,,282.0,7.7,,1004.3,
2022-08-24,27.5,25.0,31.5,0.5,,307.0,6.9,,1006.3,
2022-08-25,26.9,24.3,31.2,0.8,,317.0,7.5,,1005.9,
2022-08-26,27.5,23.6,31.7,0.1,,314.0,7.2,,1005.1,
2022-08-27,27.7,24.3,31.8,1.4,,320.0,7.4,,1005.0,
2022-08-28,27.8,24.7,32.2,3.7,,336.0,8.1,,1005.1,
2022-08-29,27.0,24.3,31.3,6.3,,70.0,4.3,,1006.9,
2022-08-30,27.2,23.0,32.1,5.9,,159.0,7.0,,1007.9,
2022-08-31,26.1,23.3,30.8,26.7,,129.0,5.6,,1007.5,
2022-09-01,27.0,22.6,31.7,6.4,,157.0,7.4,,1007.4,
2022-09-02,27.5,23.7,32.8,0.0,,156.0,8.2,,1007.9,
2022-09-03,28.2,24.0,32.8,0.0,,168.0,6.2,,1007.0,
2022-09-04,27.0,23.5,31.8,10.6,,333.0,5.0,,1006.8,
2022-09-05,27.2,23.4,32.0,3.7,,317.0,4.8,,1006.5,
2022-09-06,27.1,23.7,31.8,1.1,,190.0,4.4,,1006.2,
2022-09-07,25.7,23.6,31.4,6.4,,302.0,4.4,,1006.4,
2022-09-08,25.5,23.3,29.2,15.6,,349.0,5.3,,1005.4,
2022-09-09,25.3,23.7,28.7,12.0,,310.0,4.6,,1004.5,
2022-09-10,24.8,23.2,27.9,28.3,,312.0,8.7,,1003.4,
2022-09-11,24.3,23.2,26.1,33.5,,278.0,11.2,,1001.9,
2022-09-12,25.6,23.6,28.7,2.9,,215.0,13.3,,1002.0,
2022-09-13,26.5,24.1,29.8,0.2,,203.0,14.2,,1004.6,
2022-09-14,27.3,23.8,31.3,0.8,,209.0,12.4,,1007.4,
2022-09-15,27.3,23.6,31.9,0.0,,227.0,10.4,,1008.0,
2022-09-16,27.4,24.1,31.5,0.2,,251.0,10.9,,1005.7,
2022-09-17,27.0,24.2,31.4,0.6,,288.0,8.6,,1006.1,
2022-09-18,26.7,23.9,30.9,2.9,,302.0,8.6,,1007.0,
2022-09-19,25.3,23.8,28.3,7.3,,296.0,7.7,,1006.8,
2022-09-20,25.2,23.5,28.4,1.1,,278.0,9.6,,1005.5,
2022-09-21,26.4,24.1,29.8,3.3,,285.0,9.9,,1005.5,
2022-09-22,25.8,23.5,29.6,4.3,,286.0,8.5,,1006.4,
2022-09-23,25.7,23.1,30.1,1.9,,278.0,7.7,,1007.6,
2022-09-24,26.2,23.0,30.4,0.0,,301.0,8.1,,1007.3,
2022-09-25,26.5,22.5,30.8,0.3,,328.0,5.8,,1007.0,
2022-09-26,25.6,22.8,30.9,7.3,,342.0,5.3,,1008.0,
2022-09-27,25.4,23.0,29.2,10.3,,334.0,5.9,,1007.0,
2022-09-28,25.9,23.3,30.2,12.3,,353.0,5.3,,1005.8,
2022-09-29,25.0,22.8,29.2,18.5,,328.0,7.7,,1005.7,
2022-09-30,25.4,23.3,29.2,9.4,,344.0,7.4,,1005.8,
2022-10-01,26.7,23.3,30.6,0.2,,323.0,8.5,,1005.3,
2022-10-02,27.2,24.1,31.0,0.0,,325.0,12.3,,1005.0,
2022-10-03,27.1,23.9,31.0,0.0,,333.0,13.4,,1005.3,
2022-10-04,26.2,23.9,30.1,0.2,,341.0,10.8,,1005.7,
2022-10-05,24.9,22.9,29.8,13.8,,19.0,4.2,,1006.2,
2022-10-06,23.9,22.4,27.5,17.7,,116.0,7.5,,1005.9,
2022-10-07,25.0,22.8,29.3,1.7,,147.0,14.1,,1007.1,
2022-10-08,25.4,22.5,30.0,4.3,,164.0,7.0,,1008.9,
2022-10-09,24.7,22.2,29.0,17.7,,150.0,6.0,,1009.7,
2022-10-10,24.8,22.3,28.7,5.6,,145.0,8.6,,1010.9,
2022-10-11,25.6,23.0,29.8,0.9,,158.0,11.0,,1010.2,
2022-10-12,25.9,23.0,29.8,6.9,,178.0,7.3,,1010.4,
2022-10-13,25.2,22.0,29.8,2.5,,77.0,3.7,,1010.3,
2022-10-14,24.7,22.8,28.9,11.8,,350.0,4.1,,1009.8,
2022-10-15,24.6,22.4,28.1,18.3,,17.0,6.2,,1008.9,
2022-10-16,24.6,22.0,29.2,4.3,,131.0,6.4,,1011.3,
2022-10-17,25.4,21.8,30.3,3.2,,144.0,5.2,,1012.3,
2022-10-18,25.0,22.1,29.8,2.5,,333.0,3.6,,1011.5,
2022-10-19,25.3,22.2,30.2,3.8,,333.0,4.7,,1010.8,
2022-10-20,24.9,21.6,29.7,1.9,,128.0,5.0,,1012.1,
2022-10-21,24.9,21.6,29.7,0.0,,344.0,6.6,,1013.3,
2022-10-22,23.4,19.0,28.7,0.0,,358.0,8.6,,1014.1,
2022-10-23,23.1,17.8,28.9,0.0,,344.0,10.7,,1012.3,
2022-10-24,22.8,18.8,28.8,0.0,,331.0,9.6,,1010.0,
2022-10-25,22.8,17.6,29.1,0.0,,335.0,6.8,,1010.9,
2022-10-26,23.2,17.2,29.8,0.0,,338.0,5.9,,1013.0,
2022-10-27,23.4,18.3,29.6,0.0,,340.0,6.2,,1013.2,
2022-10-28,23.0,18.2,29.3,0.0,,347.0,7.9,,1012.5,
2022-10-29,22.5,17.0,28.8,0.0,,356.0,7.4,,1012.6,
2022-10-30,22.4,16.6,28.6,0.0,,355.0,7.3,,1012.6,
2022-10-31,22.5,17.3,28.3,0.0,,354.0,7.3,,1012.6,
2022-11-01,23.6,19.1,29.2,0.0,,1.0,6.1,,1013.2,
2022-11-02,24.5,21.2,29.1,0.0,,355.0,6.2,,1012.3,
2022-11-03,24.8,20.2,29.9,0.4,,7.0,7.0,,1012.2,
2022-11-04,24.5,19.8,29.3,0.8,,306.0,4.2,,1013.4,
2022-11-05,24.3,19.5,30.4,0.0,,310.0,5.8,,1014.7,
2022-11-06,24.4,18.7,30.2,0.0,,328.0,6.0,,1014.8,
2022-11-07,24.6,19.6,30.4,0.0,,303.0,6.2,,1014.1,
2022-11-08,23.6,18.0,30.3,0.0,,14.0,5.3,,1013.7,
2022-11-09,23.4,17.7,29.6,0.0,,351.0,4.9,,1013.8,
2022-11-10,23.1,17.3,29.4,0.0,,344.0,6.9,,1014.0,
2022-11-11,23.4,18.2,29.3,0.0,,358.0,7.7,,1013.9,
2022-11-12,23.6,18.8,29.2,0.0,,0.0,7.1,,1013.9,
2022-11-13,23.0,17.3,29.7,0.0,,359.0,6.2,,1013.8,
2022-11-14,22.9,17.1,29.2,0.0,,334.0,5.4,,1014.1,
2022-11-15,22.1,16.9,28.9,0.0,,358.0,7.2,,1014.0,
2022-11-16,21.3,15.8,28.3,0.0,,343.0,7.5,,1013.0,
2022-11-17,21.2,15.8,28.4,0.0,,343.0,7.5,,1012.6,
2022-11-18,21.6,15.4,28.0,0.0,,347.0,9.0,,1013.1,
2022-11-19,21.0,16.1,26.8,0.0,,350.0,8.3,,1013.4,
2022-11-20,20.6,15.0,25.9,0.0,,345.0,8.6,,1012.0,
2022-11-21,22.2,18.0,27.5,0.0,,342.0,7.9,,1011.1,
2022-11-22,24.1,20.0,29.8,0.0,,357.0,7.8,,1011.1,
2022-11-23,24.7,19.8,30.2,0.0,,328.0,5.4,,1011.8,
2022-11-24,25.0,20.8,29.7,0.0,,327.0,5.4,,1012.0,
2022-11-25,23.9,19.0,29.4,0.0,,347.0,6.5,,1013.0,
2022-11-26,22.9,16.8,28.5,0.0,,355.0,6.0,,1012.1,
2022-11-27,21.5,15.9,28.0,0.0,,3.0,7.0,,1010.2,
2022-11-28,21.2,14.8,28.1,0.0,,2.0,6.3,,1010.9,
2022-11-29,20.7,14.2,28.3,0.0,,343.0,6.3,,1012.0,
2022-11-30,21.4,15.2,28.4,0.0,,345.0,5.5,,1013.1,
2022-12-01,22.8,16.9,30.8,0.0,,0.0,6.1,,1012.7,
2022-12-02,24.0,18.9,29.9,0.0,,350.0,4.3,,1011.9,
2022-12-03,24.6,20.3,30.1,0.0,,20.0,5.3,,1012.4,
2022-12-04,24.3,19.2,30.0,0.0,,344.0,6.1,,1013.0,
2022-12-05,22.4,16.8,29.3,0.0,,344.0,5.4,,1013.7,
2022-12-06,22.2,16.6,28.7,0.0,,341.0,7.3,,1013.1,
2022-12-07,22.0,17.1,27.6,0.0,,354.0,9.5,,1012.3,
2022-12-08,20.8,15.2,26.0,0.0,,351.0,10.7,,1011.9,
2022-12-09,20.9,14.8,26.4,0.0,,0.0,8.3,,1010.7,
2022-12-10,22.5,19.5,27.7,7.8,,13.0,7.4,,1010.2,
2022-12-11,23.1,19.8,28.2,16.4,,94.0,8.4,,1011.4,
2022-12-12,23.5,19.5,28.9,0.5,,109.0,6.7,,1012.1,
2022-12-13,24.1,21.5,28.8,0.0,,141.0,6.2,,1013.0,
2022-12-14,24.9,20.7,31.8,0.0,,144.0,4.7,,1013.2,
2022-12-15,24.5,19.6,30.2,0.1,,31.0,4.2,,1012.5,
2022-12-16,24.9,20.4,29.8,0.0,,289.0,5.6,,1011.0,
2022-12-17,24.6,20.8,29.8,0.0,,356.0,7.5,,1012.2,
2022-12-18,22.0,17.4,27.8,0.0,,349.0,6.1,,1012.6,
2022-12-19,21.1,15.7,27.9,0.0,,317.0,6.0,,1011.9,
2022-12-20,21.8,16.1,28.4,0.0,,328.0,5.5,,1011.4,
2022-12-21,21.8,15.1,29.0,0.0,,289.0,4.6,,1011.8,
2022-12-22,21.5,15.1,29.2,0.0,,345.0,5.5,,1011.5,
2022-12-23,21.6,15.1,28.9,0.0,,284.0,5.6,,1011.5,
2022-12-24,22.0,16.4,29.4,0.0,,188.0,6.7,,1012.3,
2022-12-25,22.5,16.4,29.5,0.0,,180.0,7.2,,1013.3,
2022-12-26,24.0,18.9,29.8,0.0,,172.0,8.1,,1014.6,
2022-12-27,24.8,21.1,30.0,0.0,,176.0,7.0,,1015.2,
2022-12-28,24.8,20.1,31.8,0.0,,168.0,6.3,,1015.6,
2022-12-29,24.4,19.3,30.8,0.0,,1.0,6.9,,1016.5,
2022-12-30,24.1,18.2,30.5,0.0,,22.0,5.6,,1017.4,
2022-12-31,24.1,17.8,30.8,0.0,,345.0,5.7,,1015.9,
2023-01-01,24.1,17.9,30.7,0.0,,41.0,5.1,,1015.5,
2023-01-02,23.3,17.6,29.4,0.0,,98.0,5.9,,1016.2,
2023-01-03,23.5,18.5,28.9,0.1,,138.0,6.4,,1016.5,
2023-01-04,23.5,19.5,28.9,0.0,,165.0,8.2,,1015.8,
2023-01-05,21.9,19.9,28.2,5.4,,22.0,4.0,,1017.5,
2023-01-06,22.5,18.1,27.8,0.1,,347.0,5.5,,1018.1,
2023-01-07,21.2,16.5,26.3,0.0,,6.0,8.2,,1017.6,
2023-01-08,18.6,13.2,25.1,0.0,,345.0,7.4,,1016.8,
2023-01-09,18.7,12.8,26.8,0.0,,337.0,5.8,,1017.5,
2023-01-10,19.8,13.3,28.2,0.0,,340.0,7.5,,1016.5,
2023-01-11,20.7,13.9,28.8,0.0,,0.0,7.1,,1014.2,
2023-01-12,21.3,14.4,29.3,0.0,,197.0,7.3,,1012.6,
2023-01-13,21.7,15.1,29.3,0.0,,177.0,7.6,,1013.1,
2023-01-14,22.4,16.7,30.8,0.0,,131.0,7.9,,1013.2,
2023-01-15,22.5,15.3,30.2,0.0,,142.0,6.4,,1012.3,
2023-01-16,22.4,16.6,29.2,0.0,,166.0,9.4,,1012.9,
2023-01-17,22.3,16.4,29.0,0.0,,169.0,11.3,,1013.7,
2023-01-18,22.3,16.5,29.1,0.0,,157.0,9.0,,1015.3,
2023-01-19,22.7,17.0,29.2,0.0,,157.0,8.3,,1015.6,
2023-01-20,22.6,17.4,28.5,0.0,,184.0,9.1,,1015.1,
2023-01-21,22.8,18.0,29.2,0.0,,162.0,7.9,,1014.6,
2023-01-22,22.8,17.8,28.8,0.0,,180.0,8.8,,1013.8,
2023-01-23,22.8,17.1,28.8,0.0,,158.0,9.5,,1013.5,
2023-01-24,22.3,17.4,28.9,0.0,,163.0,10.8,,1013.5,
2023-01-25,21.9,16.5,28.4,0.0,,172.0,10.2,,1013.3,
2023-01-26,22.4,15.9,30.2,0.0,,166.0,6.9,,1013.5,
2023-01-27,22.2,15.3,31.8,0.0,,157.0,6.6,,1013.6,
2023-01-28,23.0,15.7,30.0,0.0,,326.0,6.1,,1012.4,
2023-01-29,23.5,17.4,30.1,0.0,,152.0,10.6,,1011.8,
2023-01-30,23.5,18.2,29.7,0.0,,153.0,9.6,,1013.6,
2023-01-31,24.1,18.4,30.2,0.0,,271.0,7.2,,1013.0,
2023-02-01,23.8,18.2,29.9,0.0,,357.0,9.5,,1012.8,
2023-02-02,22.2,16.1,29.1,0.0,,357.0,10.0,,1013.8,
2023-02-03,21.6,14.8,29.6,0.0,,355.0,8.3,,1014.1,
2023-02-04,22.5,15.0,30.1,0.0,,349.0,7.8,,1012.8,
2023-02-05,22.2,14.5,29.9,0.0,,353.0,7.2,,1012.3,
2023-02-06,23.2,14.3,30.7,0.0,,152.0,6.6,,1012.2,
2023-02-07,24.6,18.2,31.8,0.0,,151.0,7.5,,1011.1,
2023-02-08,24.9,19.1,31.8,0.0,,332.0,7.5,,1011.8,
2023-02-09,24.3,17.4,31.6,0.0,,342.0,6.9,,1012.4,
2023-02-10,24.3,15.8,32.3,0.0,,342.0,7.3,,1013.2,
2023-02-11,25.2,16.8,33.4,0.0,,251.0,6.6,,1013.1,
2023-02-12,25.1,17.7,32.6,0.0,,340.0,10.3,,1014.0,
2023-02-13,23.0,15.6,30.8,0.0,,355.0,10.4,,1014.9,
2023-02-14,22.4,15.4,30.5,0.0,,351.0,10.1,,1014.4,
2023-02-15,23.1,15.2,32.2,0.0,,347.0,9.4,,1012.6,
2023-02-16,23.6,15.8,32.5,0.0,,343.0,10.1,,1012.5,
2023-02-17,24.2,15.8,32.0,0.0,,319.0,7.1,,1012.7,
2023-02-18,24.2,15.9,31.7,0.0,,186.0,6.5,,1012.9,
2023-02-19,25.0,18.1,32.1,0.0,,158.0,7.5,,1013.3,
2023-02-20,25.8,18.6,33.4,0.0,,239.0,6.6,,1012.7,
2023-02-21,26.5,18.9,34.4,0.0,,159.0,8.2,,1012.5,
2023-02-22,26.6,18.4,34.4,0.0,,239.0,8.6,,1011.9,
2023-02-23,25.9,19.1,34.2,0.0,,132.0,9.1,,1012.2,
2023-02-24,26.9,18.5,34.3,0.0,,63.0,8.6,,1013.1,
2023-02-25,25.8,17.6,34.3,0.0,,336.0,8.3,,1014.5,
2023-02-26,26.1,18.5,34.3,0.0,,145.0,10.0,,1015.7,
2023-02-27,26.2,19.7,33.7,0.0,,154.0,10.7,,1016.0,
2023-02-28,25.9,19.7,33.4,0.0,,162.0,11.8,,1016.1,
2023-03-01,26.0,19.5,33.3,0.0,,172.0,10.4,,1016.4,
2023-03-02,26.5,18.5,34.0,0.0,,174.0,9.1,,1016.6,
2023-03-03,27.4,19.4,34.7,0.0,,168.0,10.3,,1016.8,
2023-03-04,27.6,20.1,34.6,0.0,,154.0,9.0,,1017.0,
2023-03-05,27.5,19.8,34.6,0.0,,157.0,9.1,,1016.3,
2023-03-06,27.7,20.6,35.2,0.0,,133.0,9.0,,1014.4,
2023-03-07,26.4,19.3,33.2,0.0,,326.0,8.3,,1014.9,
2023-03-08,26.5,18.8,33.7,0.0,,13.0,7.9,,1014.5,
2023-03-09,27.4,20.1,34.2,0.0,,161.0,8.1,,1013.6,
2023-03-10,27.1,19.5,34.0,0.0,,114.0,7.6,,1013.5,
2023-03-11,27.2,19.7,33.8,0.0,,149.0,9.0,,1013.4,
2023-03-12,27.2,19.9,34.2,0.0,,163.0,9.6,,1013.1,
2023-03-13,27.3,19.9,34.9,0.0,,159.0,9.2,,1011.8,
2023-03-14,28.0,21.0,35.8,0.0,,144.0,9.8,,1009.8,
2023-03-15,27.2,18.8,34.3,0.0,,145.0,9.5,,1009.5,
2023-03-16,25.2,20.9,32.0,7.3,,125.0,9.5,,1011.6,
2023-03-17,23.2,19.6,28.7,9.4,,148.0,7.3,,1012.2,
2023-03-18,22.8,19.6,28.8,14.2,,188.0,9.3,,1011.0,
2023-03-19,22.7,18.6,28.6,2.1,,182.0,8.0,,1009.2,
2023-03-20,23.6,20.4,30.2,0.7,,157.0,11.3,,1008.5,
2023-03-21,25.2,20.3,31.5,0.0,,208.0,9.2,,1008.4,
2023-03-22,25.4,20.5,31.8,0.0,,186.0,8.4,,1009.0,
2023-03-23,25.7,19.7,32.2,0.0,,148.0,7.7,,1008.9,
2023-03-24,26.8,21.8,33.0,0.0,,165.0,7.4,,1009.5,
2023-03-25,26.3,22.8,32.1,0.4,,154.0,10.7,,1010.7,
2023-03-26,26.5,22.8,32.1,2.8,,169.0,10.8,,1009.6,
2023-03-27,27.6,22.8,33.8,0.0,,185.0,8.4,,1008.7,
2023-03-28,27.3,21.8,33.4,0.0,,177.0,9.0,,1008.9,
2023-03-29,28.2,22.8,34.0,0.0,,175.0,12.9,,1009.7,
2023-03-30,28.5,23.0,34.7,0.0,,177.0,12.7,,1008.6,
2023-03-31,27.6,22.7,33.3,0.0,,186.0,12.0,,1007.9,
2023-04-01,27.1,22.4,34.1,0.0,,197.0,8.7,,1008.7,
2023-04-02,28.2,22.1,34.9,0.0,,202.0,8.9,,1008.2,
2023-04-03,27.9,22.7,34.0,0.0,,161.0,10.1,,1008.1,
2023-04-04,28.7,24.6,34.7,0.5,,169.0,13.0,,1008.8,
2023-04-05,28.6,22.8,35.2,0.0,,162.0,8.1,,1008.9,
2023-04-06,27.8,23.7,34.8,0.0,,160.0,7.9,,1010.2,
2023-04-07,27.9,23.3,35.2,0.1,,155.0,6.5,,1011.8,
2023-04-08,27.6,22.0,34.8,0.0,,5.0,7.6,,1013.4,
2023-04-09,28.6,22.7,35.8,0.0,,32.0,6.6,,1013.6,
2023-04-10,29.1,22.2,36.0,0.0,,128.0,6.1,,1012.0,
2023-04-11,30.4,23.1,36.9,0.0,,188.0,7.6,,1011.2,
2023-04-12,31.1,23.4,38.0,0.0,,300.0,8.2,,1010.3,
2023-04-13,31.7,24.7,38.7,0.0,,176.0,8.3,,1009.6,
2023-04-14,31.7,25.5,39.4,0.0,,291.0,8.7,,1009.3,
2023-04-15,31.2,26.0,37.0,0.0,,342.0,11.6,,1009.7,
2023-04-16,31.0,24.5,38.4,0.0,,337.0,8.4,,1007.8,
2023-04-17,31.3,23.5,38.8,0.0,,219.0,7.7,,1007.9,
2023-04-18,31.8,23.3,39.3,0.0,,165.0,9.1,,1009.2,
2023-04-19,31.5,24.6,39.1,0.0,,334.0,8.5,,1006.8,
2023-04-20,31.9,25.1,38.6,0.0,,309.0,9.6,,1004.7,
2023-04-21,30.1,24.8,36.3,0.0,,4.0,12.6,,1006.0,
2023-04-22,28.9,23.5,35.8,1.5,,179.0,10.3,,1005.6,
2023-04-23,27.5,22.8,35.5,9.8,,135.0,11.0,,1006.5,
2023-04-24,27.6,20.7,33.9,18.1,,137.0,12.0,,1008.7,
2023-04-25,26.7,23.6,33.8,6.7,,158.0,11.8,,1010.1,
2023-04-26,27.5,22.8,33.4,0.4,,174.0,10.5,,1009.0,
2023-04-27,28.3,23.2,34.8,0.0,,157.0,8.4,,1009.0,
2023-04-28,28.2,23.7,33.2,5.0,,173.0,6.9,,1009.9,
2023-04-29,25.6,21.6,31.9,16.5,,8.0,9.1,,1010.0,
2023-04-30,26.2,22.0,32.6,14.8,,177.0,9.4,,1008.5,
2023-05-01,24.5,21.5,29.4,26.0,,127.0,8.5,,1008.4,
2023-05-02,24.6,22.3,29.8,1.4,,152.0,10.3,,1009.3,
2023-05-03,25.8,21.6,31.2,2.4,,139.0,9.3,,1009.9,
2023-05-04,26.5,22.1,31.8,0.1,,148.0,6.9,,1009.0,
2023-05-05,26.4,23.3,30.3,9.7,,198.0,8.8,,1008.1,
2023-05-06,27.9,22.9,33.4,0.4,,211.0,6.6,,1006.8,
2023-05-07,28.6,24.3,33.5,0.2,,179.0,6.6,,1006.6,
2023-05-08,30.1,24.4,35.5,1.2,,218.0,6.5,,1006.0,
2023-05-09,30.5,26.2,36.8,0.0,,176.0,6.9,,1006.5,
2023-05-10,30.8,26.6,36.8,0.0,,284.0,6.5,,1005.7,
2023-05-11,31.1,26.7,38.0,0.0,,176.0,10.2,,1006.2,
2023-05-12,31.1,23.4,39.0,0.0,,303.0,9.3,,1005.3,
2023-05-13,31.5,23.5,39.4,0.0,,312.0,11.2,,1004.1,
2023-05-14,32.1,24.5,40.2,0.0,,298.0,12.5,,1002.8,
2023-05-15,32.4,25.7,39.6,0.0,,295.0,13.4,,1004.1,
2023-05-16,32.2,26.6,39.2,0.0,,305.0,11.8,,1006.3,
2023-05-17,32.0,25.1,39.2,0.0,,297.0,10.1,,1007.2,
2023-05-18,32.5,26.2,39.8,0.0,,216.0,9.6,,1008.4,
2023-05-19,32.4,26.9,39.8,0.0,,184.0,10.4,,1007.3,
2023-05-20,31.6,26.8,36.9,2.5,,163.0,10.2,,1007.0,
2023-05-21,32.4,26.7,39.2,0.0,,170.0,10.7,,1007.7,
2023-05-22,32.2,27.5,39.0,0.0,,163.0,9.4,,1008.7,
2023-05-23,32.4,26.7,38.8,0.0,,176.0,9.0,,1008.8,
2023-05-24,33.0,27.5,39.8,0.0,,221.0,9.2,,1007.2,
2023-05-25,32.1,27.5,37.6,0.0,,239.0,9.8,,1007.3,
2023-05-26,32.8,27.2,38.8,0.0,,281.0,11.6,,1007.3,
2023-05-27,32.4,25.7,39.2,0.0,,302.0,10.4,,1006.2,
2023-05-28,33.0,27.4,40.2,0.0,,307.0,11.6,,1005.6,
2023-05-29,31.5,26.6,38.8,1.0,,141.0,7.8,,1007.1,
2023-05-30,29.0,22.8,35.4,0.0,,174.0,8.1,,1008.2,
2023-05-31,31.4,24.8,38.4,0.0,,141.0,8.0,,1006.5,
2023-06-01,32.6,26.4,39.9,0.0,,278.0,8.8,,1004.6,
2023-06-02,33.2,25.8,40.2,0.0,,317.0,11.4,,1004.2,
2023-06-03,33.4,28.2,40.2,0.0,,322.0,11.1,,1004.4,
2023-06-04,33.1,27.6,39.8,0.0,,291.0,10.2,,1004.4,
2023-06-05,32.1,27.4,37.8,0.0,,311.0,10.1,,1004.1,
2023-06-06,33.1,27.9,38.6,0.0,,286.0,11.3,,1003.0,
2023-06-07,33.7,29.4,40.8,0.0,,294.0,11.9,,1002.8,
2023-06-08,34.0,29.2,39.8,0.0,,292.0,14.0,,1002.9,
2023-06-09,34.4,30.3,40.8,0.0,,295.0,13.4,,1001.5,
2023-06-10,33.0,30.2,39.8,0.2,,296.0,14.8,,1001.8,
2023-06-11,32.9,29.3,38.8,0.0,,286.0,13.1,,1002.3,
2023-06-12,33.4,29.4,39.8,0.0,,279.0,12.6,,1002.4,
2023-06-13,33.8,29.4,39.8,0.0,,282.0,11.8,,1002.5,
2023-06-14,33.9,30.0,39.8,0.0,,282.0,14.4,,1003.8,
2023-06-15,33.8,30.3,39.2,0.0,,286.0,13.9,,1004.3,
2023-06-16,34.2,30.2,39.8,0.0,,289.0,12.6,,1003.4,
2023-06-17,34.3,30.4,39.8,0.0,,282.0,13.4,,1003.4,
2023-06-18,34.0,30.8,38.8,0.0,,286.0,12.6,,1003.3,
2023-06-19,33.6,28.7,39.0,0.1,,273.0,11.6,,1002.1,
2023-06-20,32.8,28.5,39.8,0.0,,223.0,9.7,,1001.9,
2023-06-21,31.2,26.9,38.5,0.0,,215.0,12.0,,1002.6,
2023-06-22,31.3,27.1,36.9,0.1,,270.0,12.7,,1003.0,
2023-06-23,27.9,24.8,31.7,4.1,,230.0,6.6,,1004.5,
2023-06-24,27.4,24.8,32.4,13.7,,237.0,9.2,,1003.6,
2023-06-25,28.2,24.8,33.3,0.9,,259.0,10.0,,1002.7,
2023-06-26,26.7,24.7,30.4,12.3,,271.0,12.2,,1003.9,
2023-06-27,27.9,24.8,32.7,1.1,,276.0,12.9,,1004.0,
2023-06-28,28.0,24.2,32.8,6.1,,266.0,10.8,,1005.3,
2023-06-29,29.3,25.2,34.8,0.0,,253.0,10.2,,1005.0,
2023-06-30,29.6,25.9,35.8,2.4,,256.0,11.8,,1004.9,
2023-07-01,30.3,26.1,35.8,0.9,,283.0,12.7,,1005.1,
2023-07-02,30.0,25.3,35.2,3.1,,287.0,12.0,,1004.5,
2023-07-03,29.5,25.4,36.2,0.4,,282.0,10.4,,1003.3,
2023-07-04,28.4,24.9,34.2,4.3,,222.0,8.4,,1001.4,
2023-07-05,27.8,25.0,32.3,18.2,,261.0,8.0,,1000.2,
2023-07-06,27.1,25.1,30.3,12.6,,237.0,9.5,,1002.0,
2023-07-07,27.4,24.1,32.4,17.5,,243.0,13.7,,1004.2,
2023-07-08,27.5,24.2,33.2,3.8,,231.0,11.1,,1005.4,
2023-07-09,28.4,25.0,32.9,1.8,,261.0,9.1,,1005.7,
2023-07-10,28.9,24.3,33.3,4.5,,259.0,9.9,,1005.2,
2023-07-11,27.1,24.4,31.1,1.3,,302.0,10.4,,1005.3,
2023-07-12,27.9,23.2,32.8,0.3,,268.0,8.9,,1004.3,
2023-07-13,27.4,24.2,32.1,20.9,,239.0,8.8,,1004.5,
2023-07-14,27.5,24.3,33.2,15.5,,253.0,8.5,,1005.4,
2023-07-15,27.6,24.3,31.4,4.5,,283.0,10.6,,1005.3,
2023-07-16,26.2,23.8,28.5,6.2,,280.0,12.2,,1004.9,
2023-07-17,25.9,24.1,29.5,11.4,,270.0,14.3,,1003.7,
2023-07-18,24.9,23.8,27.4,53.8,,265.0,16.8,,1001.7,
2023-07-19,25.2,23.7,28.6,30.0,,261.0,18.4,,999.5,
2023-07-20,24.8,24.1,26.3,44.7,,273.0,17.1,,999.9,
2023-07-21,25.5,23.8,28.5,40.6,,283.0,17.2,,1001.2,
2023-07-22,26.2,24.2,29.5,32.7,,260.0,13.8,,1002.7,
2023-07-23,26.3,24.3,31.1,19.2,,244.0,12.2,,1003.5,
2023-07-24,25.9,24.5,29.2,22.5,,280.0,12.4,,1003.1,
2023-07-25,25.8,24.1,29.2,16.4,,309.0,16.7,,1002.9,
2023-07-26,25.6,24.0,30.2,21.8,,304.0,18.0,,1003.0,
2023-07-27,24.6,23.2,25.9,78.8,,284.0,24.6,,1001.7,
2023-07-28,26.4,23.7,30.8,40.8,,284.0,19.4,,1003.2,
2023-07-29,27.2,25.1,31.1,1.4,,301.0,17.0,,1004.5,
2023-07-30,27.6,25.1,30.6,3.0,,296.0,16.6,,1004.6,
2023-07-31,27.7,25.5,31.8,0.9,,291.0,14.6,,1004.2,
2023-08-01,28.1,25.6,32.1,0.3,,287.0,15.9,,1003.8,
2023-08-02,28.0,25.6,31.2,0.4,,283.0,17.0,,1004.2,
2023-08-03,27.5,25.3,30.4,0.0,,271.0,15.8,,1004.1,
2023-08-04,28.2,25.0,32.2,0.0,,271.0,12.9,,1006.1,
2023-08-05,28.5,25.4,32.9,0.2,,271.0,12.6,,1007.8,
2023-08-06,28.7,25.6,32.8,0.0,,270.0,13.5,,1006.6,
2023-08-07,28.0,25.4,31.6,0.0,,284.0,13.4,,1005.4,
2023-08-08,28.1,24.6,32.6,0.0,,281.0,11.0,,1005.7,
2023-08-09,28.1,24.9,32.2,0.0,,298.0,9.9,,1007.9,
2023-08-10,28.2,24.4,32.7,0.0,,289.0,8.5,,1008.4,
2023-08-11,28.5,25.0,32.9,0.3,,302.0,8.6,,1007.5,
2023-08-12,28.0,25.1,32.4,1.2,,277.0,9.1,,1006.8,
2023-08-13,28.3,24.9,32.3,0.0,,285.0,9.4,,1006.2,
2023-08-14,27.7,25.5,31.2,0.0,,280.0,7.8,,1007.2,
2023-08-15,27.2,24.1,31.2,3.8,,276.0,8.5,,1007.5,
2023-08-16,27.4,24.3,31.8,3.1,,273.0,9.0,,1007.4,
2023-08-17,27.5,24.7,31.4,7.9,,279.0,9.5,,1006.7,
2023-08-18,25.8,24.7,28.3,5.1,,291.0,12.7,,1005.2,
2023-08-19,25.3,23.2,28.0,11.2,,280.0,14.2,,1004.3,
2023-08-20,27.1,23.6,32.2,1.2,,280.0,10.8,,1005.1,
2023-08-21,27.9,24.5,32.8,0.0,,291.0,8.9,,1005.4,
2023-08-22,27.3,24.7,31.8,1.1,,278.0,7.7,,1005.7,
2023-08-23,27.7,24.0,32.5,0.4,,252.0,7.4,,1005.5,
2023-08-24,27.7,24.7,31.5,0.5,,274.0,8.8,,1005.1,
2023-08-25,28.1,25.7,33.0,3.0,,264.0,9.0,,1005.5,
2023-08-26,26.9,24.4,31.0,13.2,,254.0,7.7,,1006.9,
2023-08-27,27.8,25.2,32.3,0.7,,290.0,9.3,,1007.2,
2023-08-28,27.7,24.8,32.4,0.5,,305.0,9.6,,1006.8,
2023-08-29,27.4,23.1,31.8,0.0,,317.0,8.8,,1006.7,
2023-08-30,27.6,24.1,32.4,0.2,,322.0,9.3,,1006.9,
2023-08-31,27.9,23.9,33.0,1.0,,333.0,8.5,,1007.1,
2023-09-01,28.4,24.3,33.2,0.8,,330.0,6.2,,1006.9,
2023-09-02,28.8,25.2,33.7,0.5,,305.0,6.7,,1006.1,
2023-09-03,26.2,24.0,29.7,15.9,,310.0,11.5,,1004.9,
2023-09-04,25.8,23.2,29.3,4.3,,322.0,14.4,,1002.6,
2023-09-05,25.8,23.5,30.6,19.4,,305.0,14.1,,1001.8,
2023-09-06,25.4,23.6,27.8,22.8,,286.0,11.1,,1002.7,
2023-09-07,25.9,24.2,29.0,14.1,,246.0,12.0,,1003.2,
2023-09-08,26.9,24.0,31.1,4.3,,237.0,12.9,,1004.0,
2023-09-09,27.0,24.0,31.3,3.7,,248.0,11.2,,1003.8,
2023-09-10,26.6,24.2,31.8,21.2,,276.0,10.8,,1003.9,
2023-09-11,27.6,25.0,31.5,0.0,,304.0,11.2,,1003.9,
2023-09-12,27.1,24.7,29.9,0.3,,287.0,10.2,,1004.7,
2023-09-13,27.1,24.8,31.0,0.2,,301.0,10.7,,1004.8,
2023-09-14,26.0,24.1,29.6,2.4,,275.0,11.0,,1004.9,
2023-09-15,27.5,25.0,31.1,0.0,,262.0,12.0,,1004.3,
2023-09-16,27.8,24.4,31.8,0.3,,246.0,9.5,,1005.3,
2023-09-17,27.9,23.9,32.2,0.0,,266.0,8.0,,1005.4,
2023-09-18,27.9,24.3,32.8,0.0,,292.0,8.0,,1005.4,
2023-09-19,28.3,24.6,32.6,0.0,,299.0,9.1,,1006.7,
2023-09-20,27.2,25.2,32.3,3.6,,293.0,8.9,,1007.0,
2023-09-21,26.0,24.1,30.1,13.8,,269.0,6.9,,1007.6,
2023-09-22,26.4,23.2,30.8,0.5,,259.0,6.0,,1007.6,
2023-09-23,26.2,23.5,30.9,7.0,,293.0,6.6,,1007.9,
2023-09-24,26.1,23.0,30.1,10.1,,273.0,6.7,,1007.6,
2023-09-25,25.4,23.5,29.8,10.1,,310.0,8.4,,1006.7,
2023-09-26,26.4,22.9,31.2,3.4,,269.0,4.9,,1006.4,
2023-09-27,26.5,22.6,31.8,6.8,,193.0,5.0,,1006.5,
2023-09-28,26.9,23.3,31.8,16.9,,299.0,6.9,,1006.0,
2023-09-29,26.0,23.8,31.3,10.8,,234.0,5.5,,1006.1,
2023-09-30,26.0,22.8,30.3,8.1,,269.0,6.3,,1006.4,
2023-10-01,27.5,23.9,32.3,2.4,,279.0,7.2,,1005.1,
2023-10-02,27.4,23.5,31.8,4.9,,287.0,7.0,,1005.5,
2023-10-03,28.2,25.1,32.4,0.2,,309.0,11.1,,1006.3,
2023-10-04,27.5,23.2,32.7,0.0,,323.0,10.5,,1008.0,
2023-10-05,26.6,22.5,32.5,0.0,,312.0,11.4,,1007.9,
2023-10-06,26.5,22.6,32.5,0.0,,318.0,10.7,,1007.3,
2023-10-07,26.9,22.6,33.1,0.0,,329.0,10.1,,1008.0,
2023-10-08,27.0,21.5,33.6,0.0,,328.0,7.4,,1009.5,
2023-10-09,27.4,21.9,33.3,0.0,,327.0,6.5,,1010.9,
2023-10-10,27.7,23.0,33.6,0.0,,297.0,6.5,,1010.6,
2023-10-11,27.9,22.9,33.7,0.0,,324.0,6.8,,1010.8,
2023-10-12,27.5,22.1,33.6,0.0,,128.0,7.3,,1012.0,
2023-10-13,27.5,22.5,33.4,0.0,,122.0,7.7,,1013.1,
2023-10-14,27.4,23.5,33.1,0.0,,112.0,6.7,,1012.6,
2023-10-15,27.5,23.3,32.7,0.0,,122.0,6.0,,1011.0,
2023-10-16,27.4,23.5,32.3,0.2,,145.0,7.8,,1011.4,
2023-10-17,27.4,22.6,32.5,0.0,,199.0,9.5,,1013.8,
2023-10-18,27.2,22.1,32.6,0.0,,346.0,5.7,,1012.9,
2023-10-19,26.9,21.6,32.3,0.0,,6.0,6.3,,1013.1,
2023-10-20,27.0,22.4,33.0,0.0,,11.0,6.9,,1013.1,
2023-10-21,26.5,21.4,31.9,0.0,,358.0,7.2,,1013.5,
2023-10-22,25.8,20.6,31.6,0.0,,4.0,10.6,,1013.7,
2023-10-23,24.5,18.9,30.6,0.0,,344.0,10.7,,1012.2,
2023-10-24,24.4,18.8,31.0,0.0,,349.0,9.2,,1012.2,
2023-10-25,24.2,18.8,31.3,0.0,,348.0,8.3,,1013.6,
2023-10-26,24.0,17.6,31.4,0.0,,349.0,9.4,,1013.8,
2023-10-27,23.9,17.7,31.1,0.0,,352.0,9.2,,1013.0,
2023-10-28,24.5,17.4,31.1,0.0,,263.0,5.7,,1012.9,
2023-10-29,25.7,20.8,32.0,0.0,,242.0,6.8,,1012.8,
2023-10-30,25.5,21.2,30.4,0.0,,184.0,5.8,,1012.7,
2023-10-31,25.7,21.8,31.1,1.1,,111.0,6.8,,1013.4,
2023-11-01,25.9,21.1,31.3,0.0,,4.0,6.0,,1013.5,
2023-11-02,25.7,21.9,30.8,0.4,,165.0,6.3,,1012.8,
2023-11-03,26.1,22.1,31.2,0.0,,143.0,6.0,,1011.3,
2023-11-04,26.0,22.0,31.3,0.6,,139.0,7.3,,1011.2,
2023-11-05,25.7,21.4,31.3,0.0,,147.0,7.0,,1012.7,
2023-11-06,25.4,21.9,30.2,7.1,,119.0,6.2,,1014.0,
2023-11-07,25.0,21.1,30.0,10.8,,143.0,6.8,,1014.0,
2023-11-08,24.8,22.0,30.0,2.9,,171.0,6.4,,1013.7,
2023-11-09,25.5,21.6,30.3,0.0,,189.0,6.1,,1013.8,
2023-11-10,25.7,21.2,31.2,0.0,,148.0,7.3,,1015.0,
2023-11-11,25.8,19.8,31.4,0.0,,231.0,7.1,,1015.4,
2023-11-12,25.6,20.9,31.7,0.0,,278.0,8.0,,1014.9,
2023-11-13,24.9,18.9,31.3,0.0,,342.0,6.3,,1014.6,
2023-11-14,25.0,20.2,30.4,0.0,,324.0,6.2,,1013.9,
2023-11-15,24.9,19.8,30.1,0.0,,342.0,7.4,,1013.3,
2023-11-16,24.2,18.8,29.8,0.0,,345.0,9.8,,1013.4,
2023-11-17,24.7,19.2,30.9,0.0,,359.0,7.7,,1013.7,
2023-11-18,25.5,21.5,30.8,0.0,,134.0,7.1,,1013.5,
2023-11-19,25.4,20.4,30.9,0.0,,142.0,7.7,,1013.9,
2023-11-20,25.3,19.9,31.0,0.0,,315.0,7.1,,1013.6,
2023-11-21,25.9,21.0,31.0,0.0,,193.0,6.8,,1013.1,
2023-11-22,25.5,21.4,29.9,2.0,,161.0,6.9,,1012.6,
2023-11-23,24.5,20.9,29.1,1.1,,145.0,7.6,,1012.1,
2023-11-24,24.0,21.2,29.5,8.6,,102.0,7.9,,1013.1,
2023-11-25,24.3,19.7,29.6,0.4,,48.0,5.4,,1014.4,
2023-11-26,24.8,21.2,29.6,7.9,,140.0,7.7,,1014.5,
2023-11-27,25.0,20.9,29.8,0.0,,160.0,10.4,,1013.1,
2023-11-28,24.7,20.3,29.8,0.0,,168.0,8.2,,1012.4,
2023-11-29,24.5,19.4,30.4,0.0,,155.0,6.4,,1012.9,
2023-11-30,24.9,20.1,30.4,0.0,,166.0,8.0,,1013.2,
2023-12-01,24.7,19.2,30.8,0.0,,87.0,7.0,,1012.6,
2023-12-02,25.2,19.6,31.1,0.0,,75.0,7.4,,1011.4,
2023-12-03,25.4,19.1,31.5,0.0,,2.0,7.7,,1010.9,
2023-12-04,24.7,21.2,28.9,1.0,,29.0,8.5,,1010.2,
2023-12-05,22.9,21.0,27.3,16.7,,15.0,13.4,,1008.6,
2023-12-06,21.3,19.8,23.9,11.8,,334.0,14.8,,1009.4,
2023-12-07,22.2,18.1,28.8,0.0,,337.0,7.1,,1012.0,
2023-12-08,22.0,17.8,27.6,0.0,,0.0,7.1,,1013.1,
2023-12-09,22.2,17.4,28.3,0.0,,4.0,7.4,,1014.4,
2023-12-10,22.2,16.1,27.7,0.0,,14.0,8.1,,1013.8,
2023-12-11,21.2,15.2,27.8,0.0,,30.0,7.6,,1014.0,
2023-12-12,21.3,15.5,27.7,0.0,,19.0,6.8,,1013.2,
2023-12-13,21.5,16.1,28.0,0.0,,119.0,7.4,,1013.9,
2023-12-14,21.8,16.3,27.7,0.0,,127.0,6.9,,1015.5,
2023-12-15,21.6,16.5,27.9,0.0,,74.0,6.3,,1015.9,
2023-12-16,23.0,18.8,28.0,0.0,,6.0,5.6,,1015.0,
2023-12-17,22.0,16.7,28.2,0.0,,15.0,7.8,,1014.9,
2023-12-18,21.6,16.9,27.5,0.0,,4.0,9.0,,1015.8,
2023-12-19,21.4,17.2,26.9,0.0,,0.0,9.0,,1016.8,
2023-12-20,20.6,15.8,26.8,0.0,,353.0,8.1,,1016.5,
2023-12-21,20.5,14.3,27.4,0.0,,335.0,8.0,,1015.5,
2023-12-22,21.1,13.8,28.4,0.0,,333.0,6.2,,1015.2,
2023-12-23,21.9,15.1,28.5,0.0,,93.0,5.6,,1016.1,
2023-12-24,22.3,16.2,29.0,0.0,,148.0,6.5,,1017.6,
2023-12-25,22.9,16.5,29.6,0.0,,263.0,6.0,,1016.8,
2023-12-26,22.8,16.6,29.5,0.0,,150.0,7.6,,1016.7,
2023-12-27,22.9,18.1,29.1,0.0,,153.0,7.6,,1017.2,
2023-12-28,22.4,17.8,28.5,0.0,,171.0,7.5,,1016.1,
2023-12-29,22.3,17.1,28.4,0.0,,189.0,8.1,,1016.2,
2023-12-30,22.4,17.1,28.6,0.0,,155.0,6.9,,1015.4,
2023-12-31,22.2,17.0,28.6,0.0,,169.0,7.3,,1015.0,
2024-01-01,22.7,18.7,28.9,0.0,,163.0,8.2,,1015.1,
2024-01-02,22.4,17.7,28.6,0.0,,163.0,8.7,,1014.5,
2024-01-03,22.6,17.9,28.6,0.0,,170.0,10.2,,1014.2,
2024-01-04,22.8,17.7,28.6,0.0,,168.0,10.9,,1013.9,
2024-01-05,22.8,17.6,28.7,0.0,,167.0,11.7,,1014.0,
2024-01-06,22.8,17.0,29.4,0.0,,167.0,9.9,,1014.7,
2024-01-07,22.5,17.4,28.8,0.0,,158.0,9.6,,1015.3,
2024-01-08,22.8,16.9,29.6,0.0,,158.0,9.4,,1015.6,
2024-01-09,22.6,16.3,29.1,0.0,,168.0,8.3,,1015.6,
2024-01-10,23.6,18.4,28.8,0.0,,202.0,7.1,,1015.1,
2024-01-11,24.3,19.4,30.5,0.0,,51.0,6.0,,1015.1,
2024-01-12,24.3,18.8,30.4,0.0,,156.0,7.0,,1014.6,
2024-01-13,24.7,19.1,30.9,0.0,,41.0,7.4,,1014.5,
2024-01-14,24.6,18.5,31.5,0.0,,67.0,7.1,,1013.7,
2024-01-15,24.3,18.9,30.8,0.0,,206.0,6.6,,1013.1,
2024-01-16,24.3,18.7,29.9,0.0,,172.0,9.3,,1012.0,
2024-01-17,24.0,18.8,29.9,0.0,,169.0,13.5,,1011.8,
2024-01-18,23.3,18.3,28.8,0.0,,178.0,11.5,,1012.7,
2024-01-19,24.1,19.4,30.3,0.0,,173.0,9.2,,1012.9,
2024-01-20,23.9,18.8,29.6,0.0,,171.0,13.1,,1014.1,
2024-01-21,24.1,19.4,29.3,0.0,,171.0,11.2,,1013.8,
2024-01-22,24.5,19.5,29.9,0.0,,160.0,9.4,,1014.7,
2024-01-23,25.2,20.7,30.8,0.0,,176.0,15.0,,1013.5,
2024-01-24,24.5,21.0,29.1,0.3,,233.0,9.9,,1014.1,
2024-01-25,23.6,18.6,29.3,0.0,,10.0,6.8,,1016.1,
2024-01-26,23.2,16.6,29.6,0.0,,122.0,6.5,,1017.6,
2024-01-27,23.0,16.5,29.4,0.0,,21.0,7.0,,1017.6,
2024-01-28,22.1,14.7,29.5,0.0,,165.0,7.7,,1017.2,
2024-01-29,23.0,17.8,29.4,0.0,,163.0,8.6,,1016.4,
2024-01-30,22.9,17.4,29.4,0.0,,161.0,9.3,,1015.2,
2024-01-31,23.3,17.5,30.0,0.0,,172.0,10.8,,1014.7,
2024-02-01,24.6,19.2,30.8,0.0,,169.0,13.8,,1014.2,
2024-02-02,25.2,20.0,31.4,0.0,,182.0,9.4,,1014.4,
2024-02-03,24.9,19.2,30.9,0.0,,2.0,5.8,,1015.6,
2024-02-04,25.1,18.1,31.9,0.0,,201.0,6.4,,1016.3,
2024-02-05,25.9,19.8,32.2,0.0,,177.0,9.4,,1016.2,
2024-02-06,26.5,21.3,33.1,0.0,,182.0,9.4,,1015.7,
2024-02-07,27.0,20.3,33.8,0.0,,226.0,6.1,,1015.3,
2024-02-08,26.8,21.6,32.7,0.0,,358.0,8.8,,1014.7,
2024-02-09,25.5,18.9,32.2,0.0,,119.0,7.1,,1015.3,
2024-02-10,26.4,22.1,32.2,0.0,,168.0,13.2,,1016.1,
2024-02-11,25.8,21.9,30.9,0.0,,165.0,13.9,,1016.8,
2024-02-12,24.9,20.1,31.4,0.0,,165.0,11.7,,1016.8,
2024-02-13,24.5,18.9,30.9,0.0,,167.0,14.1,,1016.3,
2024-02-14,24.9,19.4,31.6,0.0,,171.0,12.0,,1015.3,
2024-02-15,24.3,18.1,31.7,0.0,,171.0,10.5,,1015.4,
2024-02-16,24.5,16.6,32.3,0.0,,183.0,9.0,,1016.3,
2024-02-17,25.3,18.2,32.5,0.0,,182.0,9.0,,1014.2,
2024-02-18,25.7,18.7,32.7,0.0,,176.0,11.3,,1012.6,
2024-02-19,26.0,19.7,33.3,0.0,,178.0,12.7,,1012.9,
2024-02-20,26.6,20.0,33.4,0.0,,182.0,11.0,,1012.2,
2024-02-21,27.4,20.9,34.7,0.0,,208.0,11.1,,1010.6,
2024-02-22,26.7,20.3,33.4,0.0,,269.0,8.1,,1011.1,
2024-02-23,26.2,20.7,33.0,1.3,,1.0,7.6,,1011.6,
2024-02-24,26.5,21.2,32.1,0.4,,163.0,10.6,,1011.5,
2024-02-25,26.4,21.8,31.1,0.0,,150.0,10.8,,1012.1,
2024-02-26,26.4,21.5,32.4,0.0,,137.0,10.9,,1013.4,
2024-02-27,25.9,20.0,33.1,0.0,,168.0,10.6,,1013.8,
2024-02-28,26.1,20.0,33.8,0.0,,131.0,7.1,,1013.1,
2024-02-29,27.0,20.5,33.8,0.1,,144.0,7.6,,1013.0,
2024-03-01,27.5,21.3,33.8,0.0,,174.0,8.0,,1013.3,
2024-03-02,27.8,21.7,34.4,0.0,,175.0,12.9,,1012.2,
2024-03-03,27.7,22.1,33.5,0.0,,183.0,13.2,,1011.3,
2024-03-04,27.5,20.7,34.1,0.0,,170.0,8.2,,1011.3,
2024-03-05,27.9,21.8,34.9,0.0,,173.0,7.7,,1012.0,
2024-03-06,28.6,22.8,35.0,0.0,,164.0,11.9,,1011.2,
2024-03-07,28.2,22.7,35.2,0.0,,166.0,10.4,,1010.8,
2024-03-08,28.2,21.8,34.8,0.0,,165.0,6.5,,1011.3,
2024-03-09,27.9,21.8,34.9,0.0,,133.0,6.4,,1011.7,
2024-03-10,27.9,23.0,33.0,0.0,,157.0,11.2,,1013.4,
2024-03-11,28.1,23.8,33.7,0.0,,173.0,11.2,,1014.5,
2024-03-12,29.2,22.4,35.8,0.0,,172.0,8.9,,1012.5,
2024-03-13,30.0,24.0,36.5,0.0,,186.0,11.6,,1010.9,
2024-03-14,28.9,23.9,34.7,0.3,,176.0,8.7,,1011.6,
2024-03-15,28.9,23.5,35.1,0.3,,147.0,11.1,,1010.8,
2024-03-16,27.4,23.4,34.4,4.0,,164.0,12.0,,1012.2,
2024-03-17,27.6,23.7,32.2,0.3,,163.0,11.7,,1012.3,
2024-03-18,27.2,22.8,32.6,0.0,,149.0,9.7,,1011.8,
2024-03-19,27.9,23.7,34.1,0.0,,169.0,13.1,,1011.0,
2024-03-20,25.0,20.2,31.7,0.0,,96.0,9.2,,1013.2,
2024-03-21,25.9,19.9,33.8,0.0,,172.0,10.2,,1012.1,
2024-03-22,27.5,21.8,35.8,0.0,,176.0,11.1,,1009.2,
2024-03-23,28.3,21.8,36.0,0.0,,175.0,10.7,,1008.9,
2024-03-24,28.7,23.0,35.1,0.0,,168.0,12.1,,1011.0,
2024-03-25,28.8,23.3,35.0,0.0,,176.0,11.6,,1011.3,
2024-03-26,29.2,22.7,35.8,0.0,,165.0,11.8,,1011.7,
2024-03-27,28.8,22.1,35.5,0.0,,174.0,11.7,,1013.2,
2024-03-28,29.8,23.0,36.8,0.0,,178.0,11.3,,1011.2,
2024-03-29,30.7,24.3,37.8,0.0,,165.0,12.2,,1009.7,
2024-03-30,30.4,24.0,37.6,0.0,,180.0,10.3,,1011.3,
2024-03-31,30.3,23.0,36.6,0.0,,159.0,8.6,,1012.4,
2024-04-01,31.2,23.9,38.4,0.0,,174.0,11.2,,1008.9,
2024-04-02,31.4,24.7,38.2,0.0,,168.0,10.0,,1007.5,
2024-04-03,31.2,24.9,37.9,0.1,,168.0,10.5,,1008.3,
2024-04-04,31.4,24.8,37.8,0.0,,184.0,11.1,,1008.5,
2024-04-05,32.5,25.3,39.9,0.0,,185.0,9.6,,1007.6,
2024-04-06,33.0,25.7,40.5,0.0,,180.0,8.7,,1006.5,
2024-04-07,32.4,26.1,39.8,0.0,,159.0,10.2,,1006.2,
2024-04-08,31.5,27.1,37.1,0.0,,107.0,12.3,,1009.0,
2024-04-09,29.5,24.5,34.8,0.2,,142.0,10.8,,1011.0,
2024-04-10,30.5,24.5,36.7,0.0,,149.0,12.0,,1010.3,
2024-04-11,29.3,25.0,34.6,0.0,,115.0,7.3,,1011.4,
2024-04-12,28.6,24.1,35.2,0.0,,115.0,7.8,,1011.6,
2024-04-13,28.9,24.8,35.3,0.0,,165.0,8.9,,1011.2,
2024-04-14,30.5,24.2,37.1,0.0,,167.0,8.1,,1011.0,
2024-04-15,31.7,25.2,39.8,0.0,,180.0,9.0,,1010.6,
2024-04-16,32.6,24.8,39.4,0.0,,261.0,9.0,,1009.2,
2024-04-17,33.7,26.9,40.2,0.0,,250.0,8.9,,1007.7,
2024-04-18,34.1,26.6,40.8,0.0,,338.0,8.0,,1006.5,
2024-04-19,33.6,27.3,41.1,0.0,,255.0,8.7,,1005.2,
2024-04-20,32.0,28.2,37.5,0.0,,208.0,7.9,,1006.1,
2024-04-21,32.1,26.8,38.8,0.4,,277.0,7.7,,1006.7,
2024-04-22,32.9,26.8,39.4,0.0,,261.0,8.3,,1007.4,
2024-04-23,32.1,26.6,39.3,0.0,,14.0,6.9,,1007.1,
2024-04-24,32.2,24.3,39.8,0.0,,227.0,7.3,,1006.4,
2024-04-25,33.3,26.7,39.8,0.0,,185.0,8.2,,1006.4,
2024-04-26,33.0,26.0,40.8,0.0,,173.0,8.9,,1006.2,
2024-04-27,33.5,27.3,41.4,0.0,,165.0,6.1,,1006.5,
2024-04-28,33.9,27.2,41.2,0.0,,176.0,8.8,,1006.5,
2024-04-29,33.6,27.2,40.1,0.0,,174.0,9.8,,1007.7,
2024-04-30,34.1,27.4,41.0,0.0,,190.0,10.2,,1005.5,
2024-05-01,34.5,27.7,42.5,0.0,,240.0,12.6,,1003.0,
2024-05-02,34.2,27.5,41.8,0.0,,291.0,8.6,,1003.3,
2024-05-03,33.9,26.3,41.8,0.0,,307.0,8.3,,1004.7,
2024-05-04,34.3,27.7,42.2,0.0,,171.0,10.1,,1004.9,
2024-05-05,34.3,28.6,41.5,0.0,,196.0,11.4,,1003.9,
2024-05-06,33.2,27.8,41.8,0.0,,193.0,12.1,,1005.0,
2024-05-07,31.7,25.3,40.1,16.9,,154.0,16.6,,1007.0,
2024-05-08,29.9,25.0,36.0,0.0,,161.0,13.0,,1007.6,
2024-05-09,29.6,26.1,35.7,0.3,,157.0,14.3,,1007.3,
2024-05-10,30.7,25.2,36.4,0.0,,170.0,11.3,,1008.0,
2024-05-11,31.7,26.0,37.8,2.8,,155.0,12.2,,1008.3,
2024-05-12,31.2,26.7,36.5,0.0,,160.0,9.8,,1008.8,
2024-05-13,29.9,26.3,35.1,0.0,,148.0,7.5,,1008.8,
2024-05-14,29.4,25.6,37.1,2.8,,173.0,10.8,,1008.9,
2024-05-15,30.3,24.5,36.9,0.2,,162.0,7.6,,1009.2,
2024-05-16,29.6,25.0,36.0,3.4,,153.0,8.8,,1009.5,
2024-05-17,27.0,24.3,33.5,8.7,,149.0,9.8,,1008.5,
2024-05-18,27.5,24.6,33.4,8.0,,165.0,8.7,,1006.8,
2024-05-19,28.4,25.0,32.9,0.0,,189.0,8.8,,1005.1,
2024-05-20,29.8,24.7,34.9,0.0,,176.0,10.8,,1004.4,
2024-05-21,30.3,26.3,35.1,0.1,,173.0,9.3,,1004.1,
2024-05-22,29.3,25.6,35.8,16.5,,178.0,9.2,,1003.9,
2024-05-23,31.3,26.5,37.5,0.1,,185.0,10.2,,1001.7,
2024-05-24,32.4,27.3,39.5,0.0,,186.0,13.7,,999.6,
2024-05-25,32.3,27.3,40.1,0.0,,187.0,10.8,,998.8,
2024-05-26,33.4,26.4,41.1,0.0,,269.0,12.6,,998.2,
2024-05-27,34.5,29.7,41.0,0.0,,268.0,14.6,,998.4,
2024-05-28,34.3,30.5,40.1,0.0,,259.0,13.0,,999.5,
2024-05-29,34.0,28.6,39.8,0.0,,264.0,11.6,,1000.1,
2024-05-30,35.1,29.5,41.3,0.0,,291.0,12.3,,1001.0,
2024-05-31,35.1,28.8,41.8,0.0,,300.0,10.0,,1002.1,
2024-06-01,34.4,28.9,40.8,9.8,,178.0,12.3,,1003.0,
2024-06-02,31.7,26.8,38.6,0.5,,165.0,10.4,,1004.8,
2024-06-03,30.0,26.1,35.5,0.0,,240.0,6.9,,1006.0,
2024-06-04,31.2,26.9,36.6,0.0,,243.0,7.7,,1005.9,
2024-06-05,29.7,25.6,34.3,0.3,,51.0,6.0,,1006.4,
2024-06-06,28.8,25.3,35.1,0.7,,182.0,6.1,,1006.7,
2024-06-07,29.1,24.8,34.3,3.8,,184.0,8.1,,1005.1,
2024-06-08,28.3,24.8,33.3,1.0,,201.0,8.5,,1004.7,
2024-06-09,28.4,24.8,33.4,1.7,,200.0,7.8,,1003.8,
2024-06-10,28.6,24.8,34.0,1.8,,207.0,7.1,,1003.5,
2024-06-11,29.3,24.3,35.0,5.3,,272.0,10.8,,1003.4,
2024-06-12,29.8,25.4,35.1,0.5,,298.0,10.6,,1004.6,
2024-06-13,29.7,25.9,36.0,8.3,,276.0,11.6,,1005.0,
2024-06-14,29.0,25.7,34.4,0.0,,284.0,9.6,,1004.4,
2024-06-15,28.9,25.6,34.7,11.0,,284.0,10.5,,1004.1,
2024-06-16,30.1,25.3,36.0,0.7,,276.0,9.3,,1004.5,
2024-06-17,29.9,25.4,36.4,1.3,,253.0,9.1,,1004.9,
2024-06-18,30.9,27.3,37.2,6.2,,277.0,10.5,,1004.0,
2024-06-19,29.8,25.4,34.8,3.2,,250.0,9.7,,1002.7,
2024-06-20,28.7,25.4,33.2,13.8,,248.0,9.8,,1002.9,
2024-06-21,29.2,25.2,33.4,4.1,,265.0,11.1,,1002.8,
2024-06-22,26.7,24.3,29.9,15.4,,287.0,10.3,,1001.9,
2024-06-23,28.0,24.2,33.4,2.5,,222.0,9.0,,1000.8,
2024-06-24,29.2,24.6,34.0,0.7,,196.0,7.9,,1000.2,
2024-06-25,29.3,24.9,34.5,9.4,,210.0,11.0,,999.8,
2024-06-26,27.4,24.7,32.2,9.2,,214.0,9.6,,1000.0,
